id,name,pos,team_name,price,selected_by,status,pen1,prior,benched,minutes_season,xp_h,xp_next,p_start,games,starts_actual,value
1,Raya,GK,ARS,6.1,43.7,a,False,False,False,525,25.95875379295599,4.283034477027895,0.9700000000000001,6,1.0,4.25553340868131
2,Arrizabalaga,GK,ARS,4.9,0.1,a,False,True,False,0,12.614986257784793,2.065845808792542,0.474,6,0.0,2.5744869913846515
3,Meslier,GK,ARS,4.9,0.0,a,False,True,False,0,10.426109237304425,1.707380178435712,0.39200000000000007,6,0.0,2.1277773953682497
4,Gabriel,DEF,ARS,8.0,22.4,a,False,False,False,525,28.51361502779763,4.718590989854786,0.952,6,1.0,3.564201878474704
5,J.Timber,DEF,ARS,6.5,0.6,a,False,False,False,116,11.200793805461949,1.833839785028391,0.38400000000000006,6,0.16666666666666666,1.723199046994146
6,Saliba,DEF,ARS,5.9,0.2,i,False,False,False,0,2.8113244743753727,0.0,0.11133333333333334,6,0.0,0.4764956736229445
7,Lewis-Skelly,MID,ARS,5.4,0.6,a,False,False,False,333,8.868333472963492,1.463779556107797,0.622,6,0.8333333333333334,1.6422839764747206
8,Calafiori,DEF,ARS,5.9,51.4,a,False,False,False,491,28.601996314993187,4.657950297386874,0.887,6,1.0,4.847795985592065
9,Hincapie,DEF,ARS,5.2,0.9,a,False,False,False,32,4.814530659679079,0.8016452940599348,0.17,6,0.0,0.9258712807075151
10,White,DEF,ARS,5.4,4.4,a,False,False,False,377,19.89609110603304,3.2948528048995627,0.682,6,0.8333333333333334,3.6844613159320443
11,Mosquera,DEF,ARS,5.3,1.6,a,False,False,False,168,8.188920009134273,1.367605701695057,0.335,6,0.3333333333333333,1.5450792470064667
12,Saka,MID,ARS,9.6,17.2,a,True,False,False,491,36.1987522207246,5.744857649003654,0.923,6,1.0,3.7707033563254795
13,Rice,MID,ARS,7.4,10.7,a,False,False,False,486,23.73900952135291,3.886799439005315,0.9700000000000001,6,1.0,3.2079742596422847
14,Eze,MID,ARS,6.2,1.1,a,False,False,False,85,4.781015041214463,0.7691694334946635,0.18299999999999997,6,0.0,0.7711314582603972
15,Ødegaard,MID,ARS,6.8,20.4,a,False,False,False,452,24.674752126927338,3.984551354491177,0.8610000000000001,6,1.0,3.6286400186657852
16,Madueke,MID,ARS,6.2,0.2,a,False,False,False,98,6.373912433475281,1.0363305252540025,0.256,6,0.16666666666666666,1.0280503924960132
17,Merino,MID,ARS,5.7,0.4,a,False,False,False,81,3.22510841613932,0.519427254170254,0.104,6,0.0,0.5658084940595298
18,Martinelli,MID,ARS,6.3,0.1,u,False,False,False,0,1.500788148135036,0.0,0.05533333333333334,6,0.0,0.23822034097381525
19,Zubimendi,MID,ARS,5.3,0.6,a,False,False,False,89,4.986862063637763,0.8180064900837958,0.233,6,0.0,0.9409173704976912
20,Dowman,MID,ARS,5.3,0.1,a,False,True,False,9,4.659632902969884,0.7618982779074849,0.244,6,0.0,0.87917601942828
21,Nørgaard,MID,EVE,4.8,0.0,d,False,True,False,0,1.09400450654902,0.13120497387464836,0.06666666666666667,6,0.0,0.22791760553104584
22,Nwaneri,MID,ARS,5.4,0.0,u,False,True,False,0,2.0562443534298893,0.0,0.10866666666666668,6,0.0,0.3807859913759054
23,Fábio Vieira,MID,ARS,5.5,0.0,u,False,True,False,0,2.695379241450108,0.0,0.12,6,0.0,0.49006895299092873
24,Nelson,MID,ARS,5.5,0.0,u,False,True,False,0,2.788003196233228,0.0,0.12,6,0.0,0.5069096720424051
25,Gyökeres,FWD,ARS,7.1,3.8,a,False,False,False,41,6.508602333675733,1.0346804149333857,0.234,6,0.0,0.9167045540388357
26,Havertz,FWD,ARS,7.6,6.7,a,False,False,False,499,19.958470317015497,3.176248100241862,0.803,6,1.0,2.626114515396776
27,G.Jesus,FWD,ARS,5.9,0.1,u,False,False,False,0,0.7155002786211806,0.0,0.030666666666666665,6,0.0,0.12127123366460688
28,Martinez,GK,CHE,5.0,4.7,a,False,False,False,360,16.80158388397837,2.677970750533838,0.718,6,0.6666666666666666,3.360316776795674
29,M.Bizot,GK,AVL,4.5,0.1,d,False,False,False,90,3.246837678070127,0.43355846614172605,0.17200000000000001,6,0.16666666666666666,0.7215194840155837
30,Digne,DEF,AVL,4.5,0.0,u,False,False,False,0,1.796593601586912,0.0,0.084,6,0.0,0.3992430225748693
31,Konsa,DEF,ARS,4.6,17.3,a,False,False,False,356,16.847427865442274,2.802709486738459,0.682,6,0.6666666666666666,3.662484318574408
32,Cash,DEF,AVL,4.4,4.6,a,False,False,False,296,9.192212657429751,1.325768505123329,0.56,6,0.5,2.0891392403249434
33,Mings,DEF,AVL,4.5,0.4,a,False,False,False,261,8.392316955237337,1.2471626149006216,0.3960000000000001,6,0.3333333333333333,1.864959323386075
34,Pau,DEF,AVL,4.4,0.3,d,False,False,False,187,7.203064994098362,0.9239591894099947,0.39399999999999996,6,0.5,1.6370602259314457
35,Bogarde,MID,AVL,4.9,0.1,a,False,False,False,16,1.070644339071872,0.17317701129716312,0.083,6,0.0,0.2184988447085453
36,Maatsen,DEF,AVL,4.4,0.4,i,False,False,False,335,5.1753135716766385,0.0,0.22733333333333336,6,0.6666666666666666,1.1762076299265087
37,Lindelöf,DEF,AVL,4.5,0.3,a,False,False,False,450,12.273920479981985,1.7879105059715719,0.6999999999999998,6,0.8333333333333334,2.727537884440441
38,A.García,DEF,AVL,4.0,1.5,a,False,True,False,0,1.5911629087321166,0.2336405086410684,0.08900000000000001,6,0.0,0.39779072718302916
39,Nedeljkovic,DEF,AVL,4.0,0.1,u,False,True,False,0,0.6693671343243887,0.0,0.035333333333333335,6,0.0,0.16734178358109716
40,Rogers,MID,CHE,7.8,42.7,a,False,False,False,437,25.343460555680608,4.048443360981949,0.879,6,0.8333333333333334,3.249161609702642
41,Buendía,MID,AVL,5.9,1.2,a,True,False,False,401,20.68410285147669,3.2915745079524745,0.779,6,0.8333333333333334,3.505780144318083
42,Guessand,MID,CRY,5.4,0.0,a,False,False,False,54,2.748462206323583,0.41528643903652757,0.129,6,0.0,0.5089744826525153
43,Tielemans,MID,MUN,5.8,1.4,a,False,False,False,402,17.45652994227477,2.8557851286677463,0.747,6,0.8333333333333334,3.0097465417715124
44,Bailey,MID,AVL,5.4,0.0,u,False,False,False,0,0.5668114484971226,0.0,0.023999999999999997,6,0.0,0.1049650830550227
45,McGinn,MID,AVL,5.4,2.2,a,False,False,False,434,14.509951240120566,2.296379418410765,0.758,6,0.8333333333333334,2.6870280074297344
46,Barkley,MID,AVL,5.0,0.2,a,False,False,False,308,11.438005155968561,1.8238919418761688,0.513,6,0.6666666666666666,2.287601031193712
47,Kamara,MID,AVL,5.0,0.3,a,False,False,False,443,11.414894541855372,1.8445742817571944,0.682,6,0.8333333333333334,2.2829789083710743
48,Onana,MID,AVL,4.9,0.0,i,False,False,False,0,1.260147478013057,0.0,0.05666666666666667,6,0.0,0.2571729546965422
49,Iling Jr,MID,AVL,5.0,0.0,u,False,True,False,0,1.4936709970401418,0.0,0.07933333333333333,6,0.0,0.29873419940802837
50,Burrowes,MID,AVL,4.5,0.5,a,False,True,False,0,1.0880416702234834,0.17474276538574507,0.063,6,0.0,0.24178703782744077
51,George Hemmings,MID,AVL,4.5,1.1,a,False,False,False,297,8.793433841514585,1.415988048503975,0.601,6,0.6666666666666666,1.9540964092254631
52,Alysson,MID,AVL,5.0,0.0,d,False,True,False,87,3.115800488184515,0.43930470351982653,0.168,6,0.0,0.623160097636903
53,Manzambi,MID,AVL,5.9,0.8,a,False,True,True,98,16.433955840588073,2.5984713413067535,0.6869999999999999,6,0.16666666666666666,2.78541624416747
54,Gomes,MID,AVL,5.5,0.0,a,False,False,False,129,9.893204846906414,1.6043470668150415,0.461,6,0.3333333333333333,1.798764517619348
55,Watkins,FWD,AVL,7.8,2.4,u,False,False,False,0,3.3354159916087385,0.0,0.11666666666666665,6,0.0,0.42761743482163317
56,Abraham,FWD,AVL,5.5,0.2,a,False,True,False,71,8.367519944241172,1.3367178956726316,0.35600000000000004,6,0.0,1.521367262589304
57,Petrović,GK,BOU,4.5,2.9,a,False,False,False,450,16.961576848510674,3.166394220624428,0.848,6,0.8333333333333334,3.7692392996690387
58,Forster,GK,BOU,4.0,3.5,a,False,True,False,0,3.4821214595085923,0.6435295671905413,0.164,6,0.0,0.8705303648771481
59,Dennis,GK,BOU,4.0,0.1,u,False,True,False,0,1.0593837205465082,0.0,0.04933333333333333,6,0.0,0.26484593013662705
60,Hill,DEF,BOU,5.5,0.8,a,False,False,False,450,19.324421052187226,3.6547535184388265,0.7920000000000001,6,0.8333333333333334,3.5135311003976777
61,Truffert,DEF,BOU,5.4,2.9,a,False,False,False,450,20.67038546149463,3.926974023963235,0.882,6,0.8333333333333334,3.827849159536042
62,Diakité,DEF,BOU,4.9,0.2,a,False,False,False,0,3.3217965857434457,0.6437845788026348,0.169,6,0.0,0.6779176705598868
63,Milosavljević,DEF,BOU,4.9,0.0,i,False,True,False,0,4.307709926917501,0.0,0.18933333333333333,6,0.0,0.8791244748811226
64,Smith,DEF,BOU,4.5,0.1,a,False,False,False,434,9.805321132207194,1.9969782831034035,0.68,6,0.8333333333333334,2.1789602516015987
65,J.Araujo,DEF,BOU,4.4,0.0,i,False,True,False,0,1.6023542665474144,0.0,0.08,6,0.0,0.36417142421532145
66,Soler,DEF,BOU,4.0,0.3,a,False,True,False,0,1.6710066836058042,0.32782358772394815,0.09100000000000001,6,0.0,0.41775167090145104
67,Rayan,MID,BOU,6.3,1.5,a,False,False,False,434,16.266250895632776,2.8199463555956763,0.7360000000000001,6,0.8333333333333334,2.5819445866083774
68,Tavernier,MID,BOU,6.1,7.3,a,False,False,False,424,27.46442596522792,4.727468606786587,0.834,6,0.8333333333333334,4.502364912332446
69,Scott,MID,BOU,6.1,4.3,i,False,False,False,446,9.528193767290233,0.0,0.33666666666666667,6,0.8333333333333334,1.5619989782443007
70,Kluivert,MID,BOU,5.9,0.7,i,False,False,False,294,5.232795868777916,0.0,0.2293333333333333,6,0.6666666666666666,0.8869145540301552
71,Cook,MID,BOU,5.0,0.2,a,False,False,False,180,6.4277936642852636,1.1021634623584609,0.307,6,0.3333333333333333,1.2855587328570528
72,Gannon-Doak,MID,BOU,4.9,0.1,a,False,True,False,12,2.4133777432085277,0.4178504788592281,0.138,6,0.0,0.49252607004255666
73,Adams,MID,BOU,5.0,0.3,a,False,False,False,279,9.785868795474599,1.6809602798515713,0.48699999999999993,6,0.5,1.9571737590949199
74,Brooks,MID,BOU,5.0,0.1,a,False,False,False,45,3.2680337354815028,0.5669983769931919,0.105,6,0.0,0.6536067470963005
75,Christie,MID,BOU,5.0,0.0,a,False,False,False,102,4.713304023558927,0.8116135046213014,0.19200000000000003,6,0.16666666666666666,0.9426608047117855
76,Tóth.A,MID,BOU,4.9,0.0,a,False,True,False,17,2.5690745417881193,0.44457120415384743,0.137,6,0.0,0.5243009268955345
77,Adli,MID,BOU,4.9,0.0,i,False,False,False,0,0.8665225870693365,0.0,0.03133333333333333,6,0.0,0.1768413442998646
78,Kroupi.Jr,MID,BOU,7.4,0.2,i,True,False,False,0,3.1478031407175227,0.0,0.09333333333333334,6,0.0,0.4253788027996652
79,Evanilson,FWD,BOU,6.0,3.3,a,False,False,False,424,16.313831935295728,2.762670302889222,0.832,6,0.8333333333333334,2.7189719892159547
80,Enes Ünal,FWD,BOU,5.5,0.0,u,False,True,False,0,3.4685071773418366,0.0,0.142,6,0.0,0.6306376686076066
81,Rodríguez,FWD,BOU,6.0,0.1,a,False,True,True,10,14.631657848523282,2.483902106281775,0.545,6,0.0,2.438609641420547
82,Kelleher,GK,BRE,5.0,6.1,a,False,False,False,450,18.794720660752525,3.1875253636268415,0.858,6,0.8333333333333334,3.758944132150505
83,Valdimarsson,GK,BRE,4.5,0.1,a,False,True,False,0,8.0143882109553,1.350706720408322,0.4000000000000001,6,0.0,1.7809751579900666
84,Collins,DEF,BRE,5.4,0.9,i,False,False,False,196,5.949533470516339,0.0,0.25066666666666665,6,0.5,1.1017654575030258
85,Van den Berg,DEF,BRE,4.9,0.1,i,False,False,False,0,2.622872665223145,0.0,0.10866666666666668,6,0.0,0.5352801357598255
86,Lewis-Potter,MID,BRE,5.5,1.6,a,False,False,False,406,18.12534256843014,3.0285061673210087,0.749,6,0.8333333333333334,3.2955168306236615
87,Ajer,DEF,BRE,4.5,3.7,a,False,False,False,450,16.367427236665655,2.675943947527764,0.743,6,0.8333333333333334,3.6372060525923677
88,Kayode,DEF,BRE,4.6,7.6,a,False,False,False,294,15.614074242703015,2.5568861282163904,0.747,6,0.6666666666666666,3.3943639658050038
89,Henry,DEF,BRE,4.4,0.2,a,False,False,False,2,1.6383670772660415,0.26540316635747724,0.107,6,0.0,0.3723561539241003
90,Hickey,DEF,BRE,4.5,0.1,a,False,False,False,152,3.8975402106230526,0.6352512235757855,0.214,6,0.16666666666666666,0.8661200468051228
91,Pinnock,DEF,COV,4.5,0.1,a,False,False,False,282,11.975931172583458,1.947494373465996,0.532,6,0.5,2.6613180383518795
92,Ji-soo,DEF,BRE,4.4,0.0,a,False,True,False,0,3.345729943480843,0.545798383627283,0.17499999999999996,6,0.0,0.7603931689729189
93,Schuster,DEF,BRE,4.5,0.6,a,False,False,False,253,12.484332743859039,2.060701317249214,0.339,6,0.3333333333333333,2.7742961653020086
94,Schade,MID,BRE,6.2,16.0,a,False,False,False,447,24.455737428793423,4.0929199816204935,0.846,6,0.8333333333333334,3.944473778837649
95,O.Dango,MID,BRE,6.3,0.4,a,False,False,False,179,13.820739475173777,2.3139139796685573,0.4749999999999999,6,0.3333333333333333,2.1937681706625045
96,Damsgaard,MID,BRE,5.4,0.4,d,False,False,False,283,12.3344389708758,1.8188804135171406,0.44366666666666665,6,0.5,2.284155364977
97,Jensen,MID,BRE,5.4,0.1,i,False,False,False,66,2.6290738780052534,0.0,0.122,6,0.16666666666666666,0.48686553296393575
98,Janelt,MID,BRE,5.0,2.5,a,False,False,False,450,15.96284473421204,2.65909782630221,0.6709999999999999,6,0.8333333333333334,3.1925689468424077
99,Milambo,MID,BRE,5.0,0.0,i,False,True,False,0,1.4769584808011693,0.0,0.08066666666666666,6,0.0,0.29539169616023386
100,Carvalho,MID,BRE,5.0,0.0,a,False,True,False,3,3.6905142631801224,0.614306586831204,0.19899999999999998,6,0.0,0.7381028526360245
101,Henderson,MID,CHE,4.9,0.0,a,False,False,False,90,4.497679705597102,0.7351696825684069,0.259,6,0.16666666666666666,0.9178938174687963
102,Yarmoliuk,MID,BRE,4.8,0.6,a,False,False,False,216,7.963489982921768,1.323909222539922,0.41,6,0.3333333333333333,1.6590604131087017
103,Dasilva,MID,BRE,4.9,0.0,i,False,True,False,0,1.0083104168107497,0.0,0.05466666666666667,6,0.0,0.20577763608382646
104,Onyeka,MID,COV,4.9,0.1,a,False,False,False,314,8.845401326950345,1.4632890315672307,0.622,6,0.6666666666666666,1.8051839442755804
105,Anthony,MID,BRE,5.9,0.2,a,False,False,False,267,15.694941530211782,2.624990729828678,0.616,6,0.5,2.6601595813918273
106,Thiago,FWD,BRE,7.8,9.4,a,True,False,False,442,24.63810981100918,4.149461040276267,0.8690000000000001,6,0.8333333333333334,3.158732027052459
107,Furo,FWD,BRE,4.5,0.8,i,False,True,False,0,1.7135940966882348,0.0,0.06733333333333334,6,0.0,0.38079868815294105
108,Wilson,FWD,BRE,5.4,0.3,a,False,False,False,13,3.6964810110145607,0.6218353125033705,0.124,6,0.0,0.6845335205582519
109,Verbruggen,GK,BHA,4.5,21.3,a,False,False,False,450,17.997740003754412,3.2089099316370073,0.848,6,0.8333333333333334,3.9994977786120915
110,Rushworth,GK,COV,4.5,0.7,a,False,False,False,450,14.94067679780726,2.401292651026152,0.811,6,0.8333333333333334,3.3201503995127246
111,Steele,GK,BHA,4.0,4.0,a,False,True,False,0,5.403362598844552,0.9589601747326026,0.246,6,0.0,1.350840649711138
112,Van Hecke,DEF,TOT,4.9,6.2,a,False,False,False,450,21.106481009543295,4.0828245852349845,0.831,6,0.8333333333333334,4.307445103988427
113,F.Kadıoğlu,DEF,BHA,4.4,1.5,a,False,False,False,332,11.8921952984311,2.207361131894646,0.666,6,0.6666666666666666,2.7027716587343407
114,Boscagli,DEF,BHA,4.5,0.3,a,False,False,False,437,12.735371443419883,2.331412494118947,0.651,6,0.8333333333333334,2.830082542982196
115,De Cuyper,DEF,BHA,5.0,31.4,a,False,False,False,423,22.595763296901815,4.103601376781975,0.7559999999999999,6,0.8333333333333334,4.519152659380363
116,Dunk,DEF,BHA,4.5,1.5,a,False,False,False,360,11.859629535712743,2.188194894079246,0.661,6,0.6666666666666666,2.6354732301583876
117,Coppola,DEF,BHA,4.5,0.0,a,False,True,False,0,4.584480770473876,0.8424509357537058,0.241,6,0.0,1.0187735045497501
118,Igor,DEF,BHA,4.5,0.0,u,False,True,False,0,1.7914700341103276,0.0,0.09399999999999999,6,0.0,0.3981044520245172
119,Costinha,DEF,BHA,4.5,0.0,a,False,True,False,68,4.441061930870267,0.8159929803736572,0.233,6,0.0,0.9869026513045037
120,Svoboda,DEF,BHA,5.0,0.1,a,False,True,True,4,15.990084324248667,2.909099978397659,0.715,6,0.0,3.198016864849733
121,Mitoma,MID,BHA,5.9,0.0,i,False,False,False,0,1.8395167389023828,0.0,0.08533333333333333,6,0.0,0.3117824981190479
122,Minteh,MID,BHA,5.8,0.0,i,False,False,False,0,2.175100945303248,0.0,0.09466666666666666,6,0.0,0.375017404362629
123,Hinshelwood,MID,BHA,5.9,0.5,d,False,False,False,63,5.511274883208786,0.684315746700363,0.23033333333333336,6,0.16666666666666666,0.93411438698454
124,Groß,MID,BHA,5.9,36.0,a,True,False,False,450,23.15886926649179,4.012251800307001,0.7559999999999999,6,0.8333333333333334,3.9252320790664053
125,Georginio,FWD,BHA,5.3,0.4,a,False,False,False,104,4.725104246525258,0.8087154467813149,0.26,6,0.16666666666666666,0.8915291031179732
126,O'Riley,MID,BHA,5.4,0.1,a,False,True,False,10,5.41841592982525,0.9341400069022722,0.3,6,0.0,1.0034103573750464
127,Gomez,MID,BHA,5.0,3.6,a,False,False,False,433,17.576250731576103,3.049598269155481,0.735,6,0.8333333333333334,3.5152501463152204
128,Buonanotte,MID,BHA,5.0,0.0,u,False,True,False,0,1.5011560862864024,0.0,0.07933333333333333,6,0.0,0.30023121725728047
129,Ayari,MID,BHA,5.4,0.4,a,False,False,False,333,12.629435068196504,2.1780777896618364,0.6,6,0.6666666666666666,2.3387842718882412
130,Wieffer,DEF,BHA,4.9,0.2,i,False,False,False,156,5.143496284040148,0.0,0.17533333333333334,6,0.3333333333333333,1.0496931191918668
131,Baleba,MID,MUN,4.9,0.1,a,False,False,False,0,2.9475148425456883,0.4869955219577919,0.154,6,0.0,0.6015336413358547
132,Howell,MID,BHA,4.5,0.0,u,False,True,False,0,0.4388744695594904,0.0,0.025333333333333333,6,0.0,0.09752765990210897
133,Watson,MID,BHA,5.0,0.0,u,False,True,False,0,1.4784898710268748,0.0,0.07933333333333333,6,0.0,0.29569797420537497
134,Oriola,MID,BHA,4.4,0.2,a,False,True,False,0,0.42288033563643346,0.07262963069021955,0.024000000000000004,6,0.0,0.0961091671900985
135,Yohanna,MID,BHA,4.8,0.0,i,False,True,False,12,0.669814825433617,0.0,0.038,6,0.0,0.13954475529867022
136,Welbeck,FWD,CHE,5.9,0.9,a,False,False,False,85,9.82089427161139,1.5741657637054558,0.336,6,0.16666666666666666,1.6645583511205746
137,Tzimas,FWD,BHA,5.4,0.0,i,False,True,False,0,3.0813582794686187,0.0,0.12933333333333333,6,0.0,0.5706219036052997
138,Kostoulas,FWD,BHA,5.6,8.1,a,False,False,False,353,15.637733718372985,2.680490614892621,0.659,6,0.6666666666666666,2.7924524497094616
139,Ferguson,FWD,BHA,5.0,0.0,i,False,True,False,0,1.082153655626415,0.0,0.066,6,0.0,0.21643073112528302
140,Sánchez,GK,CHE,4.9,0.6,u,False,False,False,90,3.1934308527116277,0.0,0.148,6,0.16666666666666666,0.6517205821860464
141,Jörgensen,GK,CHE,5.0,0.0,u,False,True,False,0,4.472709239001337,0.0,0.204,6,0.0,0.8945418478002674
142,James,DEF,CHE,5.3,5.5,a,False,False,False,292,11.765048296256253,1.861943930484638,0.548,6,0.5,2.219820433255897
143,Chalobah,DEF,CHE,5.5,0.1,u,False,False,False,0,2.5976209597387205,0.0,0.11533333333333333,6,0.0,0.47229471995249467
144,Gusto,DEF,CHE,4.9,0.9,a,False,False,False,272,10.88404237890146,1.724231802531715,0.538,6,0.5,2.221233138551318
145,Fofana,DEF,CHE,5.0,0.2,a,False,False,False,312,15.641843951102757,2.5192699028261556,0.631,6,0.6666666666666666,3.1283687902205513
146,B.Badiashile,DEF,CHE,4.5,0.0,u,False,False,False,0,0.4998493186631296,0.0,0.027333333333333334,6,0.0,0.11107762636958435
147,Tosin,DEF,TOT,4.4,0.1,a,False,False,False,5,1.7750212123143072,0.33234959909314066,0.072,6,0.0,0.40341391188961523
148,Hato,DEF,CHE,4.5,0.8,a,False,False,False,258,9.497306080939419,1.5052197426410405,0.547,6,0.6666666666666666,2.110512462430982
149,Colwill,DEF,CHE,4.8,0.8,a,False,False,False,341,10.249357167853388,1.6289087100977389,0.633,6,0.6666666666666666,2.135282743302789
150,M.Sarr,DEF,CHE,4.5,0.0,u,False,True,False,0,1.7700011146844237,0.0,0.09266666666666667,6,0.0,0.39333358104098304
151,Acheampong,DEF,CHE,4.5,0.3,a,False,False,False,221,6.685045556671913,1.067653008315791,0.301,6,0.3333333333333333,1.485565679260425
152,Palestra,DEF,CHE,5.3,0.6,a,False,True,True,0,14.622683088010644,2.332838065922823,0.63,6,0.0,2.7589968090586123
153,Disasi,DEF,CRY,4.5,0.1,s,False,False,False,139,3.1105687589633737,0.0,0.15,6,0.3333333333333333,0.6912375019918608
154,Palmer,MID,CHE,9.7,24.3,a,True,False,False,442,24.89690768068948,3.9727029265037035,0.806,6,0.8333333333333334,2.5666915134731423
155,Enzo,MID,MCI,6.9,3.8,a,False,False,False,271,17.06110116436198,3.5017374773369916,0.629,6,0.5,2.47262335715391
156,Neto,MID,CHE,6.5,1.4,a,False,False,False,332,16.508058072687195,2.654642717126132,0.7200000000000001,6,0.6666666666666666,2.5397012419518763
157,Estêvão,MID,CHE,6.3,0.7,a,False,False,False,23,4.314879109066094,0.6878279652027239,0.16,6,0.0,0.6849014458835071
158,Gittens,MID,CHE,5.8,0.0,i,False,False,False,0,0.8213191375656124,0.0,0.03933333333333333,6,0.0,0.14160674785614008
159,Caicedo,MID,CHE,5.3,1.0,a,False,False,False,13,4.9205190157518714,0.8070674543448864,0.225,6,0.0,0.9283998142928059
160,Garnacho,MID,AVL,5.8,0.3,a,False,False,False,31,3.550827647234728,0.5584507676912371,0.151,6,0.0,0.6122116633163325
161,Lavia,MID,CHE,5.0,0.2,a,False,False,False,258,15.126464637018461,2.4392739256907268,0.62,6,0.6666666666666666,3.0252929274036924
162,Andrey Santos,MID,MUN,4.8,0.5,a,False,False,False,82,4.168285489517036,0.6824947575980198,0.20000000000000004,6,0.16666666666666666,0.8683928103160492
163,D.Essugo,MID,CHE,4.5,0.1,u,False,True,False,0,0.43911606773568956,0.0,0.025333333333333333,6,0.0,0.0975813483857088
164,Quenda,MID,CHE,5.3,0.0,a,False,True,False,27,4.792178277896723,0.777525294696285,0.254,6,0.0,0.9041845807352308
165,João Pedro,FWD,CHE,7.7,66.3,a,False,False,False,360,22.93502153816726,3.696648634873462,0.722,6,0.6666666666666666,2.9785742257360077
166,N.Jackson,FWD,AVL,6.5,1.9,a,False,False,False,286,11.139586049151522,1.7796024578998628,0.672,6,0.6666666666666666,1.7137824691002341
167,Delap,FWD,NFO,5.6,2.5,a,False,False,False,277,7.261221601005284,1.0593824168627741,0.456,6,0.5,1.2966467144652294
168,Marc Guiu,FWD,CHE,5.0,0.2,u,False,True,False,0,1.67543617573014,0.0,0.10266666666666667,6,0.0,0.335087235146028
169,Mheuka,FWD,CHE,4.5,0.5,a,False,True,False,0,1.9603131050752836,0.3151547281506388,0.076,6,0.0,0.4356251344611741
170,Emegha,FWD,CHE,4.9,0.1,i,False,True,False,0,1.68895934808681,0.0,0.06066666666666667,6,0.0,0.3446855812422061
171,Dovin,GK,COV,4.0,0.9,u,False,True,False,0,1.218916138578558,0.0,0.06533333333333334,6,0.0,0.3047290346446395
172,Wilson,GK,COV,4.4,0.3,a,False,True,False,0,6.793606039265298,1.084798566256725,0.334,6,0.0,1.544001372560295
173,Thomas,DEF,COV,4.0,8.8,a,False,False,False,437,22.38136116859723,3.623343115107785,0.805,6,0.8333333333333334,5.595340292149308
174,Kitching,DEF,COV,4.0,0.3,u,False,True,False,0,2.681556246480752,0.0,0.17400000000000002,6,0.0,0.670389061620188
175,van Ewijk,DEF,COV,4.0,7.7,d,False,False,False,360,7.658809714224628,1.0832148488119584,0.5459999999999999,6,0.6666666666666666,1.914702428556157
176,Dasilva,DEF,COV,4.0,0.8,a,False,False,False,444,16.36506611359895,2.6172209112161893,0.775,6,0.8333333333333334,4.091266528399737
177,Kesler-Hayden,DEF,COV,3.9,0.0,d,False,True,False,0,0.1994989876363874,0.02292623889918738,0.013,6,0.0,0.05115358657343267
178,Bidwell,DEF,COV,4.0,0.1,a,False,True,False,0,2.549530724946846,0.40910696567249605,0.164,6,0.0,0.6373826812367115
179,Latibeaudiere,DEF,COV,4.0,0.0,a,False,True,False,1,1.8104128557129724,0.2905054262606127,0.116,6,0.0,0.4526032139282431
180,Woolfenden,DEF,COV,3.9,0.1,i,False,True,False,0,0.1117416206601603,0.0,0.007333333333333333,6,0.0,0.028651697605169307
181,Brau,DEF,COV,4.0,0.0,u,False,True,False,0,0.601295883258603,0.0,0.03933333333333333,6,0.0,0.15032397081465074
182,Amenda,DEF,COV,4.0,0.5,i,False,False,False,360,3.2975956953497265,0.0,0.242,6,0.6666666666666666,0.8243989238374316
183,Rudoni,MID,COV,4.9,0.1,a,False,False,False,297,17.433967282549922,2.791589029304303,0.615,6,0.6666666666666666,3.557952506642841
184,Grimes,MID,COV,4.9,0.1,a,False,False,False,443,11.165754251416388,1.8396423336335572,0.7600000000000001,6,0.8333333333333334,2.2787253574319157
185,Sakamoto,MID,COV,4.8,0.1,a,False,True,False,31,1.6144140559485471,0.2643435377730902,0.09800000000000002,6,0.0,0.3363362616559473
186,Mason-Clark,MID,COV,5.3,0.1,a,False,False,False,231,12.447273942183893,2.010164887245086,0.68,6,0.6666666666666666,2.348542253242244
187,Eccles,MID,COV,4.8,0.0,i,False,True,False,0,0.6308402883544342,0.0,0.03866666666666667,6,0.0,0.13142506007384047
188,Torp,MID,COV,5.3,0.1,a,False,True,True,53,9.956427155204802,1.6229099070147888,0.592,6,0.0,1.8785711613593965
189,Shepherd,MID,COV,4.4,0.3,a,False,True,False,0,0.3990085107604358,0.06533350037888132,0.024000000000000004,6,0.0,0.09068375244555359
190,Tchaouna,MID,COV,5.3,0.1,a,False,False,False,211,5.770298620310427,0.9386442851582398,0.377,6,0.3333333333333333,1.0887355887378165
191,Borges Rodrigues,MID,COV,4.5,0.1,u,False,True,False,0,0.41295842771693264,0.0,0.025333333333333333,6,0.0,0.0917685394926517
192,Andrews,MID,COV,4.5,0.2,u,False,True,False,0,0.412430703471876,0.0,0.025333333333333333,6,0.0,0.09165126743819467
193,Wright,FWD,COV,5.3,0.1,i,True,True,False,0,2.635474227445172,0.0,0.16,6,0.0,0.4972592881972023
194,Thomas-Asante,FWD,COV,5.0,0.8,a,False,False,False,227,6.306004615743436,1.0365088559800686,0.332,6,0.3333333333333333,1.2612009231486874
195,Simms,FWD,COV,4.9,0.6,a,False,True,False,104,2.6612646759740155,0.4275349270538819,0.114,6,0.16666666666666666,0.543115239994697
196,Markelo,FWD,COV,5.0,0.0,u,False,True,False,0,1.1903985575758524,0.0,0.07666666666666667,6,0.0,0.2380797115151705
197,Bassette,FWD,COV,4.5,0.0,u,False,True,False,0,0.5857192722070124,0.0,0.025333333333333333,6,0.0,0.13015983826822497
198,Henderson,GK,CRY,4.9,1.2,i,False,False,False,270,5.592278423756242,0.0,0.252,6,0.5,1.1412813109706614
199,Benitez,GK,CRY,4.5,0.1,a,False,False,False,180,7.111160572578138,1.0668436787403608,0.35200000000000004,6,0.3333333333333333,1.580257905017364
200,Lacroix,DEF,CHE,5.9,6.6,a,False,False,False,364,20.491322269125558,3.292109015998422,0.758,6,0.6666666666666666,3.4731054693433148
201,Muñoz,DEF,NFO,5.4,5.5,a,False,False,False,257,12.71597665656052,1.9471666727759915,0.607,6,0.5,2.3548104919556514
202,Richards,DEF,CRY,4.9,0.6,a,False,False,False,450,20.32011161846995,2.956982307449226,0.832,6,0.8333333333333334,4.146961554789786
203,Canvot,DEF,CRY,4.8,0.2,a,False,False,False,360,16.503768815286403,2.4186316318637964,0.615,6,0.6666666666666666,3.438285169851334
204,Mitchell,DEF,CRY,4.5,6.0,a,False,False,False,419,19.463161294306442,2.733127777443637,0.8210000000000001,6,0.8333333333333334,4.325146954290321
205,Sosa,DEF,CRY,4.5,0.0,u,False,True,False,0,2.5042392012837054,0.0,0.12333333333333334,6,0.0,0.5564976002852678
206,Chadi Riad,DEF,CRY,4.3,0.0,i,False,False,False,72,1.2928366144854915,0.0,0.06666666666666667,6,0.16666666666666666,0.3006596777873236
207,Mingueza,DEF,CRY,4.3,0.1,a,False,True,False,16,2.9735335182029563,0.4178792757150359,0.149,6,0.0,0.6915194228378968
208,Sarr,MID,CRY,6.2,0.6,a,False,False,False,8,7.535808771678264,1.0884728057340145,0.246,6,0.0,1.2154530276900426
209,Johnson,MID,EVE,5.9,0.1,a,False,False,False,238,9.777980924583833,1.6889039177726701,0.53,6,0.5,1.657284902471836
210,Wharton,MID,CRY,5.4,0.7,a,False,False,False,436,16.639006760317763,2.5588015636275463,0.786,6,0.8333333333333334,3.081297548206993
211,Yeremy,MID,CRY,5.5,0.3,a,False,False,False,307,16.276884308366217,2.3838647192286215,0.691,6,0.6666666666666666,2.9594335106120395
212,Hughes,MID,CRY,4.4,6.8,a,False,False,False,29,1.9160008368787926,0.29214191692346714,0.114,6,0.0,0.435454735654271
213,Lerma,MID,CRY,4.8,0.1,a,False,False,False,51,2.6300411658331715,0.4084626892488483,0.118,6,0.0,0.5479252428819108
214,Kamada,MID,CRY,5.0,0.5,a,False,False,False,441,13.78202031165619,2.104177317076477,0.715,6,0.8333333333333334,2.756404062331238
215,Devenny,MID,CRY,5.0,0.0,u,False,False,False,0,0.7021595576531878,0.0,0.028,6,0.0,0.14043191153063755
216,Esse,MID,CRY,5.0,0.0,u,False,True,False,0,1.5482726163544558,0.0,0.08066666666666666,6,0.0,0.30965452327089116
217,M.França,MID,CRY,4.9,0.0,u,False,True,False,0,1.0569961359280717,0.0,0.05466666666666667,6,0.0,0.2157134971281779
218,Doucouré,MID,CRY,4.8,0.0,a,False,True,False,0,1.6781581380568436,0.2613031860685751,0.09500000000000001,6,0.0,0.3496162787618424
219,J.Rak-Sakyi,MID,CRY,4.9,0.0,u,False,True,False,0,1.0551141077815351,0.0,0.05466666666666667,6,0.0,0.2153294097513337
220,Cardines,DEF,CRY,4.5,0.0,u,False,True,False,0,2.1175760508162678,0.0,0.104,6,0.0,0.4705724557369484
221,Drakes-Thomas,MID,CRY,4.4,0.1,a,False,True,False,0,0.42907327624259406,0.06681027943462736,0.024000000000000004,6,0.0,0.09751665369149864
222,Strand Larsen,FWD,CRY,6.0,0.7,a,False,False,False,298,10.184942093011284,1.5733438578690957,0.561,6,0.5,1.697490348835214
223,Mateta,FWD,CRY,6.3,1.2,i,True,False,False,62,4.595125258737539,0.0,0.13999999999999999,6,0.16666666666666666,0.7293849617043714
224,Nketiah,FWD,CRY,5.5,0.5,a,False,False,False,175,10.36212607076423,1.5435038043153444,0.395,6,0.5,1.8840229219571327
225,Uche,FWD,CRY,5.0,0.0,u,False,True,False,0,1.3032306708944241,0.0,0.07666666666666667,6,0.0,0.2606461341788848
226,Pickford,GK,EVE,5.5,9.1,a,False,False,False,450,18.022419463091847,3.0856756170707587,0.867,6,0.8333333333333334,3.2768035387439722
227,Travers,GK,EVE,5.0,0.0,a,False,True,True,0,10.633685877056465,1.8231010651015405,0.51,6,0.0,2.126737175411293
228,King,GK,EVE,4.5,0.0,a,False,True,False,0,6.108466392850888,1.0450092835428095,0.318,6,0.0,1.357436976189086
229,Tarkowski,DEF,EVE,6.2,18.1,a,False,False,False,450,23.979319070597942,4.034275950714905,0.8809999999999999,6,0.8333333333333334,3.8676321081609584
230,Branthwaite,DEF,EVE,5.5,2.6,a,False,False,False,450,14.69288173676771,2.4680256037273582,0.702,6,0.8333333333333334,2.6714330430486743
231,Keane,DEF,EVE,4.8,0.7,a,False,False,False,0,6.542522058931069,1.1048010532186276,0.258,6,0.0,1.3630254289439727
232,O'Brien,DEF,EVE,4.8,0.3,a,False,False,False,16,4.715114297085944,0.7969276111152124,0.283,6,0.0,0.9823154785595717
233,Mykolenko,DEF,EVE,4.6,3.5,d,False,False,False,450,12.52886372941695,1.8458909704233548,0.6883333333333334,6,0.8333333333333334,2.7236660281341196
234,Patterson,DEF,EVE,4.5,0.0,u,False,True,False,0,2.240418369190373,0.0,0.12333333333333334,6,0.0,0.49787074870897174
235,Aznou,DEF,EVE,4.0,0.1,u,False,True,False,0,0.6813989528761505,0.0,0.03933333333333333,6,0.0,0.17034973821903762
236,Dewsbury-Hall,MID,EVE,6.6,5.5,a,False,False,False,450,20.8774680532047,3.600840956021596,0.838,6,0.8333333333333334,3.163252735334046
237,Ndiaye,MID,MCI,5.8,6.0,a,False,False,False,385,19.17331415823253,3.8047808148193294,0.677,6,0.6666666666666666,3.3057438203849188
238,Grealish,MID,EVE,6.5,0.5,a,False,False,False,135,7.520018150221048,1.2908588416045554,0.322,6,0.16666666666666666,1.1569258692647766
239,Garner,MID,EVE,6.0,0.2,a,False,False,False,328,16.891908289420087,2.864531738702353,0.7639999999999999,6,0.6666666666666666,2.8153180482366813
240,Iroegbunam,MID,HUL,5.0,0.0,a,False,False,False,70,2.9591748872274795,0.48848889797148376,0.17600000000000002,6,0.0,0.5918349774454958
241,McNeil,MID,CRY,5.3,0.1,a,False,False,False,84,5.246692891746616,0.791892704216958,0.238,6,0.16666666666666666,0.9899420550465313
242,George,MID,EVE,5.5,0.8,a,False,False,False,309,14.958833155266369,2.5461142909885686,0.657,6,0.6666666666666666,2.7197878464120673
243,Alcaraz,MID,EVE,4.9,0.1,a,False,False,False,5,0.9931785964387699,0.17111479600203094,0.055,6,0.0,0.20268950947729997
244,Armstrong,MID,EVE,5.0,0.4,a,False,False,False,446,10.554615803948849,1.7999011617883474,0.619,6,0.8333333333333334,2.1109231607897696
245,Dibling,MID,EVE,5.3,0.0,a,False,True,False,24,4.831725604450854,0.8238779483544827,0.273,6,0.0,0.9116463404624253
246,Röhl,MID,EVE,4.9,0.0,d,False,False,False,249,5.037471009592682,0.605747573913209,0.27133333333333337,6,0.5,1.0280553080801391
247,Hackney,MID,EVE,5.4,0.2,a,False,True,False,137,7.108511873942964,1.2199956989402252,0.34800000000000003,6,0.16666666666666666,1.3163910877672156
248,Beto,FWD,EVE,5.4,0.5,u,False,False,False,31,1.8635037199056386,0.0,0.064,6,0.0,0.34509328146400714
249,Barry,FWD,EVE,5.7,8.6,a,True,False,False,417,21.646117915784625,3.8109646404695687,0.7600000000000001,6,0.8333333333333334,3.7975645466288817
250,Leno,GK,FUL,4.5,4.0,a,False,False,False,450,18.905653883848014,3.512117993941721,0.848,6,0.8333333333333334,4.201256418632892
251,Lecomte,GK,FUL,4.0,1.1,a,False,True,False,0,5.272053374863831,0.9848339277660483,0.246,6,0.0,1.3180133437159578
252,McNally,GK,FUL,4.0,0.1,u,False,True,False,0,1.356464907255168,0.0,0.06533333333333334,6,0.0,0.339116226813792
253,Andersen,DEF,FUL,5.0,0.2,a,False,False,True,190,12.133852485431245,2.4172801754553834,0.517,6,0.3333333333333333,2.426770497086249
254,Robinson,DEF,FUL,4.5,1.4,d,False,False,False,429,13.495775920456802,2.4703127937635023,0.629,6,0.8333333333333334,2.9990613156570674
255,J.Cuenca,DEF,FUL,4.5,0.0,a,False,False,False,90,5.479826019975093,1.0922249713855139,0.257,6,0.16666666666666666,1.2177391155500206
256,Tete,DEF,FUL,4.4,0.2,a,False,False,False,27,3.439486830776465,0.6947863565168146,0.151,6,0.0,0.7817015524491965
257,Bassey,DEF,FUL,4.5,0.9,a,False,False,False,450,14.783814287328646,3.047190095913275,0.789,6,0.8333333333333334,3.28529206385081
258,Castagne,DEF,FUL,4.5,1.3,a,False,False,False,408,15.264895934397451,3.2253904481159674,0.727,6,0.8333333333333334,3.392199096532767
259,Diop,DEF,IPS,4.0,11.9,a,False,False,False,450,11.475429680412546,1.3276772839367341,0.669,6,0.8333333333333334,2.8688574201031365
260,Wilson,MID,LEE,6.2,1.4,a,False,False,False,149,10.54706447800912,1.7254264612244814,0.4040000000000001,6,0.16666666666666666,1.7011394319369546
261,Iwobi,MID,FUL,5.4,0.7,a,False,False,False,408,18.38127163486046,3.4449922976059546,0.811,6,0.8333333333333334,3.4039391916408257
262,Smith Rowe,MID,FUL,5.3,0.2,a,False,False,False,38,4.070747967769531,0.7805986910301344,0.18600000000000003,6,0.0,0.7680656542961379
263,Kevin,MID,FUL,5.3,0.0,a,False,False,False,61,1.8893040977876048,0.3565262171525237,0.09800000000000002,6,0.0,0.35647247128068016
264,Bobb,MID,FUL,5.5,0.3,a,False,False,False,343,15.73451896249431,3.034147917307811,0.715,6,0.8333333333333334,2.8608216295444198
265,Berge,MID,FUL,4.9,0.3,a,False,False,False,349,10.560150194226559,1.9206948928075336,0.662,6,0.6666666666666666,2.1551326926992975
266,Cairney,MID,FUL,4.9,0.0,i,False,False,False,0,0.3911889201293606,0.0,0.022000000000000002,6,0.0,0.07983447349578787
267,Lukić,MID,IPS,4.9,0.1,a,False,False,False,400,11.149675880065933,1.6816006981480636,0.691,6,0.8333333333333334,2.275444057156313
268,King,MID,FUL,5.6,4.7,a,False,False,False,425,17.654379748879933,3.391636430881595,0.742,6,0.8333333333333334,3.152567812299988
269,Sessegnon,DEF,FUL,4.3,0.3,a,False,False,False,50,4.12993073504897,0.8121422000927194,0.139,6,0.0,0.9604490081509233
270,Reed,MID,FUL,4.4,1.1,a,False,True,False,0,0.4288524760554994,0.07825603395529371,0.024000000000000004,6,0.0,0.09746647183079532
271,Muniz,FWD,FUL,5.4,0.4,a,False,False,False,38,2.3804818515762847,0.4473662338108609,0.118,6,0.0,0.44082997251412676
272,Kusi-Asare,FWD,FUL,4.5,5.1,a,False,True,False,0,4.481931290386688,0.8606946957911398,0.168,6,0.0,0.9959847311970419
273,Phillips,GK,HUL,4.0,1.4,a,False,True,False,0,2.9441320825586925,0.47540875027948926,0.164,6,0.0,0.7360330206396731
274,Butland,GK,HUL,4.4,0.1,i,False,True,False,0,2.645298974107724,0.0,0.134,6,0.0,0.6012043122972099
275,Cartwright,GK,HUL,4.0,0.0,u,False,True,False,0,0.8892046954030757,0.0,0.04933333333333333,6,0.0,0.22230117385076892
276,Lo-Tutala,GK,HUL,4.0,0.0,u,False,True,False,0,0.7788349575782997,0.0,0.043333333333333335,6,0.0,0.19470873939457492
277,Egan,DEF,HUL,4.1,7.5,a,False,False,False,437,17.004277517738416,2.833072178970582,0.8130000000000001,6,0.8333333333333334,4.147384760424004
278,Hughes,DEF,HUL,3.9,0.2,i,False,True,False,0,0.1020682208525954,0.0,0.007333333333333333,6,0.0,0.026171338680152666
279,Ajayi,DEF,HUL,4.2,14.1,a,False,False,False,423,14.246220594027964,2.327790036773893,0.815,6,0.8333333333333334,3.391957284292372
280,Coyle,DEF,HUL,4.0,0.7,a,False,False,False,348,8.737644094681905,1.444408750196492,0.79,6,0.8333333333333334,2.184411023670476
281,Drameh,DEF,HUL,4.0,0.0,u,False,True,False,65,1.4396286368793174,0.0,0.102,6,0.0,0.35990715921982935
282,Giles,DEF,HUL,4.0,3.0,a,False,False,False,444,10.890511165383334,1.8020226361584315,0.763,6,0.8333333333333334,2.7226277913458334
283,Jacob,DEF,HUL,4.0,0.0,u,False,True,False,0,0.6583105256056518,0.0,0.04666666666666667,6,0.0,0.16457763140141296
284,McCarthy,DEF,HUL,4.0,0.1,a,False,True,False,0,1.3847799984067928,0.2291359076428806,0.09800000000000002,6,0.0,0.3461949996016982
285,McNair,DEF,HUL,4.0,0.1,a,False,True,False,26,1.2906336320703218,0.21355775578727493,0.09100000000000001,6,0.0,0.32265840801758044
286,Belloumi,MID,HUL,5.1,6.1,a,False,False,False,394,18.79290637146189,3.0637635785263213,0.8249999999999998,6,0.8333333333333334,3.6848836022474294
287,Millar,MID,HUL,5.0,0.0,u,False,True,False,50,3.116920499221175,0.0,0.18866666666666665,6,0.0,0.623384099844235
288,Dowell,MID,HUL,4.4,0.3,a,False,True,False,0,0.3926210950009472,0.0645232574285293,0.024000000000000004,6,0.0,0.08923206704566981
289,Crooks,MID,HUL,4.4,0.5,a,False,False,False,203,3.541650380412874,0.5836703331813706,0.447,6,0.5,0.8049205410029258
290,Slater,MID,HUL,4.5,5.1,a,False,False,False,437,10.817761477404167,1.7694922957946069,0.7479999999999999,6,0.8333333333333334,2.403946994978704
291,Matazo,MID,HUL,4.5,0.0,i,False,True,False,0,0.405582418656395,0.0,0.025333333333333333,6,0.0,0.09012942636808778
292,Ömür,MID,HUL,4.9,0.0,a,False,True,False,0,2.3457008347254917,0.3842793895317382,0.137,6,0.0,0.4787144560664269
293,Kamara,MID,HUL,5.0,0.0,u,False,True,False,0,2.4092943825833575,0.0,0.146,6,0.0,0.4818588765166715
294,Zambrano,MID,HUL,4.5,0.1,a,False,True,False,0,1.0149337930508842,0.16679397830566867,0.063,6,0.0,0.2255408429001965
295,McBurnie,FWD,HUL,5.5,1.9,a,True,False,False,441,11.297361032719046,1.8082355998414483,0.818,6,0.8333333333333334,2.054065642312554
296,Akintola,MID,HUL,5.0,0.0,u,False,True,False,0,1.8105440420155432,0.0,0.10933333333333334,6,0.0,0.36210880840310866
297,Gyabi,MID,HUL,4.4,0.0,i,False,True,False,0,0.15696980772088553,0.0,0.01,6,0.0,0.03567495630020125
298,Destan,FWD,HUL,4.5,0.2,u,False,True,False,0,0.9571844181643943,0.0,0.04133333333333333,6,0.0,0.2127076484809765
299,Burstow,FWD,HUL,4.5,0.0,u,False,True,False,0,0.7007028745960188,0.0,0.030666666666666665,6,0.0,0.1557117499102264
300,Walton,GK,IPS,4.4,0.4,a,False,True,False,90,5.0240003727767855,0.7346825780032489,0.252,6,0.16666666666666666,1.1418182665401784
301,Palmer,GK,IPS,4.0,3.8,a,False,True,False,0,2.245694042775997,0.3135153287345174,0.124,6,0.0,0.5614235106939992
302,Button,GK,IPS,4.0,0.6,a,False,True,False,0,1.9669543284928925,0.27460122401221626,0.109,6,0.0,0.49173858212322313
303,Kipré,DEF,IPS,3.9,0.9,a,False,True,False,0,1.3696744154804752,0.148142270768374,0.09400000000000001,6,0.0,0.35119856807191674
304,O'Shea,DEF,IPS,4.0,2.5,a,False,False,False,450,15.081900766121999,1.8376739611109767,0.805,6,0.8333333333333334,3.7704751915304997
305,Davis,DEF,IPS,4.0,7.7,a,False,False,False,450,19.243800197686518,2.1799079530021364,0.801,6,0.8333333333333334,4.8109500494216295
306,Greaves,DEF,IPS,3.9,1.1,a,False,False,False,357,7.847232643261551,0.8323877991058508,0.598,6,0.6666666666666666,2.0121109341696286
307,Johnson,DEF,IPS,4.0,0.1,u,False,True,False,0,2.199295642891892,0.0,0.14466666666666667,6,0.0,0.549823910722973
308,Furlong,DEF,IPS,3.9,0.6,a,False,True,False,17,0.40614532694642885,0.04392817031243242,0.028,6,0.0,0.10413982742216124
309,Núñez,MID,IPS,4.9,0.1,a,False,True,False,140,2.3910452475565425,0.36464438158658785,0.138,6,0.3333333333333333,0.4879684178686821
310,Matusiwa,MID,IPS,4.9,0.0,a,False,True,False,0,2.3782136126825915,0.36268750370310227,0.137,6,0.0,0.48534971687399825
311,Burns,MID,IPS,5.0,0.0,u,False,True,False,0,1.8616804258836361,0.0,0.10933333333333334,6,0.0,0.3723360851767272
312,Taylor,MID,IPS,4.4,0.0,a,False,True,False,0,0.3966568655927832,0.06100906176917644,0.024000000000000004,6,0.0,0.09014928763472345
313,Clarke,MID,IPS,5.3,0.2,a,True,True,True,170,9.335031095827079,1.394902833098071,0.519,6,0.3333333333333333,1.7613266218541659
314,Ogbene,MID,IPS,4.9,0.0,u,False,True,False,0,0.9615758611623888,0.0,0.05466666666666667,6,0.0,0.19623997166579363
315,Fatawu,MID,IPS,5.4,0.1,s,False,False,False,352,5.241336088092168,0.0,0.33266666666666667,6,0.8333333333333334,0.9706177940911421
316,Emersonn,FWD,IPS,5.6,4.0,a,False,False,False,317,25.653273972325206,3.913787424910593,0.8210000000000001,6,0.8333333333333334,4.580941780772358
317,Hirst,FWD,IPS,5.0,0.1,u,False,True,False,0,1.6141453549496956,0.0,0.10266666666666667,6,0.0,0.3228290709899391
318,Philogene,MID,IPS,5.4,0.1,a,False,True,True,52,12.239263403240056,1.8229477829409575,0.619,6,0.0,2.2665302598592696
319,Szmodics,MID,IPS,5.0,0.0,u,False,True,False,0,1.5388557271203798,0.0,0.09066666666666667,6,0.0,0.30777114542407596
320,Akpom,FWD,IPS,5.0,1.1,a,False,True,False,78,2.9899934698431108,0.4658928253362971,0.19200000000000003,6,0.0,0.5979986939686222
321,Walle Egeli,FWD,IPS,4.5,3.5,a,False,True,False,10,1.5581159138290754,0.23006633633074186,0.066,6,0.0,0.34624798085090563
322,Al-Hamadi,FWD,IPS,5.0,0.0,u,False,True,False,0,1.0339666086651114,0.0,0.066,6,0.0,0.20679332173302228
323,McAteer,MID,IPS,4.4,1.0,a,False,True,False,42,0.3966414430540402,0.061006689656904034,0.024000000000000004,6,0.0,0.09014578251228185
324,Mehmeti,MID,IPS,4.8,0.0,a,False,True,False,0,1.5518878409766295,0.2386930099079058,0.09500000000000001,6,0.0,0.32330996687013114
325,Darlow,GK,MUN,4.5,0.0,d,False,False,False,0,3.339115573373946,0.4763211794402423,0.157,6,0.0,0.742025682971988
326,Perri,GK,LEE,4.5,0.3,u,False,False,False,0,1.1602635561750938,0.0,0.06,6,0.0,0.2578363458166875
327,Bijol,DEF,LEE,5.0,0.7,a,False,False,False,164,10.890588744832877,1.7124968027529262,0.447,6,0.3333333333333333,2.1781177489665753
328,Struijk,DEF,BHA,4.9,0.2,d,False,False,False,98,7.581472927972865,1.211441846989015,0.3146666666666667,6,0.16666666666666666,1.5472393730556868
329,Rodon,DEF,LEE,4.3,0.6,i,False,False,False,123,3.5910925252449455,0.0,0.17466666666666666,6,0.3333333333333333,0.835137796568592
330,Bogle,DEF,LEE,4.6,8.3,a,False,False,False,440,23.457576995745505,3.6713127984908915,0.94,6,1.0,5.099473259944675
331,Gudmundsson,DEF,LEE,4.5,0.1,a,False,False,False,327,12.927960719620986,1.9933661222464076,0.6960000000000001,6,0.6666666666666666,2.8728801599157747
332,Justin,DEF,LEE,4.5,1.5,a,False,False,False,525,21.647419569818794,3.4081706262358686,0.844,6,1.0,4.8105376821819545
333,Bornauw,DEF,LEE,4.5,0.0,u,False,False,False,0,0.6269055829083013,0.0,0.028666666666666663,6,0.0,0.1393123517574003
334,Muharemović,DEF,LEE,5.0,4.6,a,False,False,False,525,23.35439455436919,3.6657442088957,0.9700000000000001,6,1.0,4.670878910873838
335,Stach,MID,LEE,6.0,2.4,a,False,False,False,522,25.90066356725454,4.253122995119198,0.932,6,1.0,4.31677726120909
336,Okafor,MID,LEE,5.8,0.4,a,False,False,False,369,17.572658249131933,2.8748112954579073,0.761,6,0.8333333333333334,3.029768663643437
337,Aaronson,MID,LEE,5.3,0.4,a,False,False,False,198,9.307781036819604,1.5218932434141808,0.455,6,0.3333333333333333,1.7561851012867178
338,Ampadu,MID,LEE,5.4,0.9,a,False,False,False,525,19.308377435991574,3.1710468097348086,0.947,6,1.0,3.5756254511095507
339,Longstaff,MID,LEE,4.8,0.1,a,False,False,False,10,1.7691682779454037,0.2900708489437617,0.072,6,0.0,0.3685767245719591
340,Gelhardt,MID,HUL,5.0,0.0,a,False,True,False,7,3.7494336389344283,0.6132805110281172,0.227,6,0.0,0.7498867277868857
341,Gnonto,MID,LEE,5.0,0.0,u,False,False,False,0,0.4602002263471997,0.0,0.024666666666666667,6,0.0,0.09204004526943994
342,Harrison,MID,LEE,5.0,0.0,u,False,True,False,0,1.655480853496858,0.0,0.09066666666666667,6,0.0,0.3310961706993716
343,James,MID,LEE,4.9,0.1,i,False,False,False,52,0.44248195317570416,0.0,0.022000000000000002,6,0.0,0.09030243942361309
344,Gruev,MID,LEE,5.0,0.0,a,False,False,False,0,1.8941744524413187,0.3099426015573944,0.117,6,0.0,0.37883489048826374
345,Tanaka,MID,LEE,4.9,0.3,a,False,False,False,325,12.02121639905855,1.968918162920629,0.545,6,0.6666666666666666,2.4533094691956223
346,Calvert-Lewin,FWD,LEE,6.0,22.8,a,True,False,False,494,26.778127992757558,4.408141816704693,0.931,6,1.0,4.463021332126259
347,Nmecha,FWD,LEE,5.4,0.4,a,False,False,False,64,3.9761861135909142,0.6544099412104293,0.118,6,0.0,0.7363307617760951
348,Piroe,FWD,LEE,5.0,0.1,u,False,True,False,0,1.7193119000041848,0.0,0.10266666666666667,6,0.0,0.34386238000083696
349,Mateo Joseph,FWD,LEE,4.5,0.1,i,False,True,False,0,1.1148780175732027,0.0,0.04133333333333333,6,0.0,0.24775067057182282
350,A.Becker,GK,LIV,5.5,4.2,a,False,False,False,450,18.348434000385453,2.882687968901254,0.797,6,0.8333333333333334,3.3360789091609915
351,Mamardashvili,GK,LIV,4.8,0.1,a,False,False,False,0,2.8489129449618913,0.4484383654845998,0.122,6,0.0,0.5935235302003941
352,Woodman,GK,LIV,4.0,1.0,a,False,True,False,0,3.8217873836836675,0.6016728300185152,0.164,6,0.0,0.9554468459209169
353,Pecsi,GK,LIV,4.0,0.0,u,False,True,False,0,1.1559810827626544,0.0,0.04933333333333333,6,0.0,0.2889952706906636
354,Jaros,GK,LIV,4.0,0.0,i,False,True,False,0,1.0125996730281053,0.0,0.043333333333333335,6,0.0,0.2531499182570263
355,Davies,GK,LIV,4.0,0.2,a,False,True,False,0,2.404726499991183,0.37858416665900885,0.103,6,0.0,0.6011816249977957
356,Virgil,DEF,LIV,6.5,16.0,a,False,False,False,450,20.258725758785644,3.173785453689064,0.888,6,0.8333333333333334,3.116727039813176
357,Frimpong,DEF,LIV,5.3,1.7,a,False,False,False,178,7.0652222806630895,1.0885920104519282,0.391,6,0.3333333333333333,1.3330608076722812
358,Kerkez,DEF,LIV,5.3,2.1,a,False,False,False,385,11.060681314935687,1.6852149263520395,0.69,6,0.6666666666666666,2.086921002818054
359,Gomez,DEF,LIV,4.9,0.0,a,False,False,False,0,1.545735626147563,0.2375651013603562,0.08800000000000001,6,0.0,0.3154562502341965
360,Bradley,DEF,LIV,5.0,0.0,i,False,False,False,0,0.888234263354727,0.0,0.056,6,0.0,0.1776468526709454
361,Lucky,DEF,LIV,4.0,0.1,a,False,True,False,0,1.5857661140506094,0.2434287409351179,0.09100000000000001,6,0.0,0.39644152851265235
362,Jacquet,DEF,LIV,5.0,3.6,a,False,False,False,415,16.504768730035696,2.5670943242698714,0.797,6,0.8333333333333334,3.3009537460071394
363,Leoni,DEF,LIV,4.0,0.0,i,False,True,False,0,0.6171353639725483,0.0,0.035333333333333335,6,0.0,0.15428384099313708
364,Tsimikas,DEF,LIV,4.9,0.1,a,False,True,False,64,6.69533857578952,1.0438588640668862,0.316,6,0.16666666666666666,1.3663956277121467
365,Ramsay,DEF,LIV,4.0,0.1,u,False,True,False,0,0.611982070615894,0.0,0.035333333333333335,6,0.0,0.1529955176539735
366,Wirtz,MID,LIV,7.3,5.4,a,False,False,False,402,19.828075974172382,3.280154487826851,0.82,6,0.8333333333333334,2.7161747909825182
367,Gakpo,MID,LIV,7.2,9.4,i,False,False,False,370,7.793427087992767,0.0,0.29333333333333333,6,0.6666666666666666,1.0824204288878843
368,Szoboszlai,MID,LIV,6.9,30.2,a,True,False,False,440,22.53186140192018,3.730443486247636,0.8569999999999999,6,0.8333333333333334,3.265487159698577
369,Ngumoha,MID,LIV,5.7,0.4,a,False,False,False,99,5.3564195106054875,0.8874990673949138,0.18899999999999997,6,0.16666666666666666,0.9397227211588575
370,Chiesa,MID,LIV,5.3,0.0,d,False,True,False,0,2.3482539245488896,0.1763385773090515,0.13433333333333333,6,0.0,0.44306677821677165
371,Gravenberch,MID,LIV,5.8,1.0,a,False,False,False,190,9.62069282714399,1.586286457563936,0.47700000000000004,6,0.3333333333333333,1.6587401426110329
372,Mac Allister,MID,LIV,5.4,1.3,a,False,False,False,306,10.633309824558092,1.7531506671031363,0.552,6,0.5,1.9691314489922391
373,C.Jones,MID,LIV,5.5,0.0,u,False,False,False,0,1.4251901767103319,0.0,0.05933333333333333,6,0.0,0.2591254866746058
374,Endo,MID,LIV,4.9,0.1,a,False,True,False,0,2.471386369097666,0.4070972312676503,0.137,6,0.0,0.5043645651219726
375,Nyoni,MID,LIV,4.8,0.0,a,False,True,False,38,1.6130973340410517,0.2654379986770567,0.09500000000000001,6,0.0,0.33606194459188576
376,Bajcetic,MID,LIV,5.0,0.0,u,False,True,False,0,1.3764449891234796,0.0,0.07933333333333333,6,0.0,0.2752889978246959
377,Munoz,MID,LIV,6.5,0.8,a,False,False,False,257,9.636050443345304,1.5897718843078426,0.52,6,0.5,1.4824692989762007
378,McConnell,MID,LIV,4.4,0.2,a,False,True,False,0,0.4124544967228121,0.06787011164489948,0.024000000000000004,6,0.0,0.09373965834609364
379,Isak,FWD,LIV,9.1,16.7,i,False,False,False,413,8.100208915856308,0.0,0.27999999999999997,6,0.8333333333333334,0.8901328478962977
380,Ekitiké,FWD,LIV,7.4,0.1,i,False,False,False,0,2.5234268252792162,0.0,0.082,6,0.0,0.3410036250377319
381,Koumas,MID,LIV,5.0,0.0,a,False,True,False,22,3.5528353781864896,0.5853251714589174,0.19800000000000004,6,0.0,0.7105670756372979
382,Danns,FWD,LIV,4.5,0.2,a,False,True,False,0,4.135642619996421,0.6909446647993667,0.168,6,0.0,0.919031693332538
383,Elliott,MID,LIV,5.4,0.0,u,False,True,False,0,2.3418158979181207,0.0,0.10866666666666668,6,0.0,0.43366961072557786
384,Donnarumma,GK,MCI,5.5,7.4,a,False,False,False,450,18.562794837197938,3.430103090757086,0.844,6,0.8333333333333334,3.3750536067632613
385,Trafford,GK,LEE,5.0,5.6,a,False,False,False,525,26.17713682938132,4.399033646923892,0.9700000000000001,6,1.0,5.235427365876264
386,Bettinelli,GK,MCI,4.5,0.0,a,False,True,False,0,7.145123983835134,1.3165456181225168,0.318,6,0.0,1.587805329741141
387,O'Reilly,DEF,MCI,6.3,9.7,d,False,False,False,163,11.960187065567082,2.228964920431551,0.42700000000000005,6,0.3333333333333333,1.8984423913598543
388,Guéhi,DEF,MCI,6.0,17.9,a,False,False,False,450,25.113889088343896,5.096606413369951,0.868,6,0.8333333333333334,4.18564818139065
389,Matheus N.,DEF,MCI,5.9,1.0,a,False,False,True,213,11.555956322402897,2.257519109212173,0.512,6,0.3333333333333333,1.9586366648140503
390,Rúben,DEF,MCI,5.5,1.9,a,False,False,False,450,16.583158848789203,3.3594643989777,0.7719999999999999,6,0.8333333333333334,3.015119790688946
391,Gvardiol,DEF,MCI,5.7,27.5,a,False,False,False,434,20.498538563844402,4.11140318073935,0.741,6,0.8333333333333334,3.596234835762176
392,Aït-Nouri,DEF,MCI,5.2,0.4,a,False,False,False,0,3.37675960202681,0.676810968225293,0.123,6,0.0,0.6493768465436173
393,Khusanov,DEF,MCI,5.4,1.3,a,False,False,False,268,10.24287142766587,2.0461620114996513,0.48299999999999993,6,0.5,1.896828042160346
394,Alleyne,DEF,MCI,5.0,0.0,u,False,True,False,0,3.2283260582118922,0.0,0.13733333333333334,6,0.0,0.6456652116423784
395,Lewis,DEF,MCI,4.4,0.2,a,False,False,False,56,3.878429421400641,0.8168474279935145,0.159,6,0.16666666666666666,0.8814612321365093
396,Vitor Reis,DEF,MCI,4.5,0.0,a,False,True,False,1,4.953555710685379,0.9897990238734902,0.235,6,0.0,1.100790157930084
397,Semenyo,MID,MCI,8.4,13.5,d,False,False,False,450,17.972405421273066,3.1409567735268764,0.7496666666666667,6,0.8333333333333334,2.1395720739610793
398,Foden,MID,MCI,6.9,1.5,s,False,False,False,217,6.340339777233375,0.0,0.218,6,0.5,0.9188898227874456
399,Cherki,MID,MCI,7.8,28.7,a,False,False,False,302,22.18994429929318,4.485242296525487,0.663,6,0.6666666666666666,2.844864653755536
400,Doku,MID,MCI,7.4,0.7,a,False,False,False,15,5.9835374312984415,1.1735642010386664,0.214,6,0.0,0.8085861393646542
401,Marmoush,FWD,TOT,7.0,2.2,a,False,False,False,339,10.54286719610824,1.9086456825982345,0.585,6,0.6666666666666666,1.50612388515832
402,Rodrigo,MID,MCI,6.5,0.0,u,False,False,False,0,1.649461418104813,0.0,0.06466666666666666,6,0.0,0.2537632950930482
403,Sávio,MID,TOT,6.5,0.6,a,False,False,False,240,9.959267006450288,1.8739709556225486,0.48100000000000004,6,0.5,1.5321949240692752
404,Reijnders,MID,MCI,6.0,0.0,u,False,False,False,0,1.5311041240937862,0.0,0.06466666666666666,6,0.0,0.2551840206822977
405,N.Gonzalez,MID,NEW,5.5,0.2,a,False,False,False,164,9.559608791597134,1.6424927935092988,0.498,6,0.5,1.738110689381297
406,Kovačić,MID,MCI,5.3,0.1,a,False,True,False,42,4.478434474908208,0.8445970072255028,0.245,6,0.0,0.8449876367751336
407,Echeverri,MID,MCI,4.9,0.0,u,False,True,False,0,1.0078141444282105,0.0,0.05466666666666667,6,0.0,0.20567635600575723
408,Phillips,MID,MCI,5.0,0.0,u,False,True,False,0,1.4116191584725104,0.0,0.07933333333333333,6,0.0,0.2823238316945021
409,Mukasa,MID,MCI,4.5,0.1,u,False,True,False,0,0.43570298055667406,0.0,0.025333333333333333,6,0.0,0.09682288456814979
410,Monga,MID,MCI,4.9,0.0,u,False,True,False,0,1.0662367711625582,0.0,0.05466666666666667,6,0.0,0.2175993410535833
411,Haaland,FWD,MCI,15.6,74.5,a,True,False,False,450,36.73565659169252,7.560502080768154,0.8530000000000001,6,0.8333333333333334,2.3548497815187512
412,Lammens,GK,MUN,4.9,9.4,a,False,False,False,450,17.817296826817497,2.8826096671564674,0.823,6,0.8333333333333334,3.6361830258811216
413,Bayindir,GK,MUN,4.5,0.0,u,False,False,False,0,0.6146027460711647,0.0,0.032,6,0.0,0.13657838801581437
414,Heaton,GK,MUN,4.0,0.1,i,False,True,False,0,1.1585189856931888,0.0,0.04933333333333333,6,0.0,0.2896297464232972
415,Dorgu,MID,MUN,5.8,0.5,i,False,False,False,171,3.2114474972972276,0.0,0.14666666666666667,6,0.3333333333333333,0.553697844361591
416,De Ligt,DEF,MUN,4.9,0.0,i,False,False,False,0,1.7689029174979913,0.0,0.06999999999999999,6,0.0,0.3610005954077533
417,Dalot,DEF,MUN,4.9,1.6,a,False,False,False,346,13.296452744512791,2.1754177114535453,0.71,6,0.6666666666666666,2.713561784594447
418,Maguire,DEF,MUN,4.8,7.8,a,False,False,False,450,14.004230325410377,2.2977294052035093,0.7440000000000001,6,0.8333333333333334,2.9175479844604952
419,Martinez,DEF,MUN,4.9,1.3,a,False,False,False,360,11.37581494070192,1.8731805076015513,0.611,6,0.6666666666666666,2.3215948858575346
420,Yoro,DEF,MUN,4.8,0.4,a,False,False,False,22,3.5642181562613526,0.5855172879430911,0.169,6,0.0,0.7425454492211152
421,Heaven,DEF,MUN,4.3,0.3,a,False,False,False,90,4.336757341779051,0.715823315129434,0.20000000000000004,6,0.16666666666666666,1.0085482190183839
422,Mazraoui,DEF,MUN,4.4,0.5,d,False,False,False,97,3.8801468353329143,0.5658750945066706,0.17866666666666667,6,0.16666666666666666,0.8818515534847532
423,Shaw,DEF,MUN,4.3,7.0,a,False,False,False,335,11.475882040090859,1.8836943558988213,0.6880000000000001,6,0.6666666666666666,2.668809776765316
424,Amass,DEF,MUN,4.0,0.2,a,False,True,False,0,1.6034419116364202,0.2638977520435642,0.09100000000000001,6,0.0,0.40086047790910506
425,Fredricson,DEF,MUN,4.0,0.0,u,False,True,False,0,0.6628324550466334,0.0,0.035333333333333335,6,0.0,0.16570811376165834
426,B.Fernandes,MID,MUN,11.9,37.2,a,True,False,False,450,33.41288667272357,5.392459370609055,0.871,6,0.8333333333333334,2.80780560274988
427,Mbeumo,MID,MUN,7.9,19.9,a,False,False,False,450,28.739916817796093,4.6288410463303435,0.8450000000000001,6,0.8333333333333334,3.637964154151404
428,Cunha,MID,MUN,7.9,6.0,a,False,False,False,407,21.020641566198698,3.4268361967506413,0.828,6,0.8333333333333334,2.6608407045821134
429,Rashford,MID,MUN,6.9,1.3,d,False,False,False,351,12.20155830253294,1.7520069825511677,0.5816666666666667,6,0.6666666666666666,1.7683417829757881
430,Mount,MID,MUN,5.4,0.0,a,False,False,False,10,2.471933098494107,0.40402836589795077,0.109,6,0.0,0.4577653886100198
431,Amad,MID,MUN,5.7,0.3,i,False,False,False,0,2.0326723261780253,0.0,0.08266666666666667,6,0.0,0.3566091800312325
432,Mainoo,MID,MUN,5.5,1.5,d,False,False,False,354,11.512650540658921,1.677988525282265,0.4936666666666667,6,0.6666666666666666,2.0932091892107128
433,Ugarte,MID,MUN,5.0,0.0,i,False,False,False,0,0.7225875733583353,0.0,0.03,6,0.0,0.14451751467166707
434,J.Fletcher,MID,MUN,4.9,0.0,a,False,True,False,0,2.526410735836896,0.41512520788534435,0.137,6,0.0,0.5155940277218155
435,Lacey,MID,MUN,4.9,0.1,a,False,True,False,10,2.5259215698623154,0.4150448309600852,0.137,6,0.0,0.5154941979310848
436,Collyer,MID,MUN,5.0,0.0,u,False,True,False,0,1.4132240878053688,0.0,0.07933333333333333,6,0.0,0.28264481756107374
437,Bendito Mantato,MID,MUN,4.4,0.2,a,False,True,False,0,0.41981761871832735,0.0691448528008991,0.024000000000000004,6,0.0,0.0954130951632562
438,Fletcher,MID,MUN,4.4,0.3,a,False,True,False,0,0.41980129565915125,0.06914216435840964,0.024000000000000004,6,0.0,0.09540938537707983
439,Šeško,FWD,MUN,7.0,1.4,i,False,False,False,76,2.2872810657928913,0.0,0.07733333333333334,6,0.0,0.32675443797041304
440,Zirkzee,FWD,MUN,5.3,0.4,a,False,False,False,20,2.162336720350491,0.351172791308041,0.085,6,0.0,0.4079880604434889
441,Obi,FWD,MUN,4.5,0.9,u,False,True,False,0,1.7206483203949898,0.0,0.06733333333333334,6,0.0,0.38236629342110884
442,Pope,GK,NEW,4.9,0.9,a,False,False,False,0,4.908484626879403,0.8691406827774022,0.224,6,0.0,1.0017315565060005
443,Gillespie,GK,NEW,4.5,0.0,a,False,True,False,0,6.671894914856339,1.1829790900793202,0.318,6,0.0,1.4826433144125197
444,Jaouen,GK,NEW,4.4,0.0,i,False,True,False,0,1.692223949661383,0.0,0.08466666666666667,6,0.0,0.3845963521957688
445,Thiaw,DEF,NEW,5.0,2.2,a,False,False,False,450,19.510481227998156,3.5450402943680497,0.848,6,0.8333333333333334,3.902096245599631
446,Schär,DEF,NEW,4.9,0.2,a,False,False,False,25,3.406521820009794,0.6213512154637314,0.146,6,0.0,0.6952085346958763
447,Botman,DEF,NEW,5.0,0.8,a,False,False,False,450,19.35635922960321,3.4799195588906295,0.773,6,0.8333333333333334,3.871271845920642
448,Burn,DEF,NEW,4.8,0.7,i,False,False,False,0,1.6142462664831527,0.0,0.07866666666666666,6,0.0,0.3363013055173235
449,Hall,DEF,NEW,5.3,20.8,a,False,False,False,449,20.575671385484668,3.7313632364119647,0.8000000000000002,6,0.8333333333333334,3.8822021482046543
450,Livramento,DEF,NEW,4.9,0.1,d,False,False,False,33,1.7574202428947405,0.2318998836254348,0.104,6,0.0,0.35865719242749805
451,A.Murphy,DEF,NEW,4.0,0.1,u,False,True,False,0,0.7246608398696268,0.0,0.03933333333333333,6,0.0,0.1811652099674067
452,Bruno G.,MID,ARS,6.7,1.8,a,False,False,False,135,11.26702156094826,1.8166227951454212,0.36000000000000004,6,0.16666666666666666,1.6816450090967552
453,Barnes,MID,NEW,6.1,8.1,a,False,False,False,450,18.413235523907492,3.2958230882183908,0.771,6,0.8333333333333334,3.0185632006405725
454,Elanga,MID,NEW,6.1,3.4,i,False,False,False,232,3.897170490308846,0.0,0.20733333333333334,6,0.5,0.6388804082473518
455,Tonali,MID,TOT,5.3,1.7,a,False,False,False,427,14.31937121764354,2.5688981030247295,0.77,6,0.8333333333333334,2.7017681542723664
456,J.Ramsey,MID,NEW,4.8,0.2,i,False,False,False,69,0.7696487488099839,0.0,0.04066666666666666,6,0.0,0.16034348933541331
457,J.Murphy,MID,NEW,5.9,0.1,a,False,False,False,181,8.013737876718814,1.443382745257701,0.429,6,0.3333333333333333,1.3582606570709854
458,Joelinton,MID,NEW,5.4,0.0,d,False,False,False,0,2.9627810208637713,0.45895758901516526,0.15,6,0.0,0.5486631520118095
459,L.Miley,MID,NEW,5.5,0.1,d,False,False,False,396,12.030178124819084,1.8398682502664903,0.5910000000000001,6,0.8333333333333334,2.18730511360347
460,Willock,MID,NEW,5.0,0.6,a,False,False,False,284,8.641675753989249,1.5395243577648063,0.42,6,0.5,1.7283351507978497
461,Touré,MID,NEW,5.8,0.1,a,False,True,True,50,12.766883059087485,2.2768571387879843,0.602,6,0.0,2.2011867343254283
462,Steur,MID,NEW,4.9,0.1,a,False,False,False,223,4.772359431097889,0.8134584913345384,0.316,6,0.3333333333333333,0.9739509043056915
463,Woltemade,FWD,NEW,5.9,0.5,u,False,False,False,19,1.8063017103414687,0.0,0.08,6,0.0,0.3061528322612659
464,Wissa,FWD,NEW,6.2,19.1,a,False,False,False,441,14.824722471330904,2.7309093307654972,0.6709999999999999,6,0.8333333333333334,2.3910842695695007
465,Osula,FWD,NEW,5.8,0.3,d,True,False,False,55,4.7087021584975295,0.6049305394811719,0.14333333333333334,6,0.16666666666666666,0.8118451997409534
466,Neave,FWD,NEW,4.5,0.5,u,False,True,False,0,0.7378246643121068,0.0,0.030666666666666665,6,0.0,0.1639610365138015
467,Sels,GK,NFO,5.0,1.5,a,False,False,False,450,15.709449874212837,2.691322083448872,0.8169999999999998,6,0.8333333333333334,3.1418899748425675
468,John,GK,NFO,4.5,0.1,a,False,False,False,0,1.2442086828172851,0.2111387750852804,0.08600000000000001,6,0.0,0.27649081840384115
469,N.Williams,DEF,NFO,5.0,7.3,d,False,False,False,450,11.636515163358919,1.3104371143397895,0.5846666666666667,6,0.8333333333333334,2.3273030326717836
470,Morato,DEF,NFO,5.0,0.0,u,False,False,False,0,1.1115657470071456,0.0,0.056,6,0.0,0.22231314940142913
471,Milenković,DEF,NFO,5.4,0.9,i,False,False,False,270,4.474388939204389,0.0,0.26,6,0.5,0.8285905442971091
472,Murillo,DEF,NFO,5.5,2.2,a,False,False,False,449,17.375396477662225,2.7889517823227283,0.809,6,0.8333333333333334,3.1591629959385865
473,Aina,DEF,NFO,4.4,2.1,a,False,False,False,306,9.452961164747755,1.5184570368274994,0.573,6,0.6666666666666666,2.1484002647153986
474,Jair Cunha,DEF,NFO,4.5,0.2,a,False,False,False,360,8.923822672863256,1.456966694451617,0.515,6,0.6666666666666666,1.9830717050807236
475,Savona,DEF,NFO,4.5,0.0,i,False,False,False,0,0.6439529619397845,0.0,0.03933333333333333,6,0.0,0.143100658208841
476,O.Richards,DEF,NFO,4.0,0.2,a,False,True,False,0,1.5138634158597895,0.24287346324929188,0.08800000000000001,6,0.0,0.37846585396494736
477,Abbott,DEF,NFO,4.0,0.1,u,False,True,False,0,0.5794319689241131,0.0,0.035333333333333335,6,0.0,0.14485799223102827
478,Netz,DEF,NFO,4.4,0.0,a,False,True,False,27,2.9779474937688497,0.47776068409409045,0.17299999999999996,6,0.0,0.6768062485838294
479,Bindon,DEF,NFO,4.0,0.1,u,False,True,False,0,0.571102424232403,0.0,0.035333333333333335,6,0.0,0.14277560605810075
480,Gibbs-White,MID,NFO,8.0,15.8,a,True,False,False,450,27.25664014180287,3.9628948000358064,0.87,6,0.8333333333333334,3.4070800177253586
481,Anderson,MID,MCI,6.3,3.8,a,False,False,False,413,22.311515517690918,4.166508000997831,0.826,6,0.8333333333333334,3.541510399633479
482,Hudson-Odoi,MID,NFO,5.8,0.1,a,False,False,False,1,4.781527534221863,0.7266110450096768,0.222,6,0.0,0.8244012990037695
483,Ndoye,MID,NFO,5.5,0.6,a,False,False,False,316,16.48748190561034,2.46232008981646,0.727,6,0.8333333333333334,2.997723982838244
484,Hutchinson,MID,NFO,5.4,0.1,u,False,False,False,0,1.2167594101415604,0.0,0.05933333333333333,6,0.0,0.22532581669288154
485,Bakwa,MID,NFO,5.5,0.0,u,False,False,False,0,0.8397831978354824,0.0,0.046000000000000006,6,0.0,0.1526878541519059
486,McAtee,MID,NFO,5.5,0.1,a,False,False,False,416,14.2198603559131,2.1376670135839855,0.805,6,0.8333333333333334,2.5854291556205635
487,Dominguez,MID,NFO,4.9,0.1,a,False,False,False,1,2.6358966473834755,0.41412593545542126,0.12,6,0.0,0.53793809130275
488,I.Sangaré,MID,NFO,4.8,0.4,a,False,False,False,105,5.560543563780117,0.8895374926075109,0.271,6,0.16666666666666666,1.1584465757875244
489,Yates,MID,NFO,4.4,1.1,a,False,False,False,0,0.26045060958178806,0.0411142565346967,0.015,6,0.0,0.05919332035949728
490,Wood,FWD,NFO,5.8,0.9,a,False,False,False,62,3.6096025467058532,0.5253814331337795,0.149,6,0.0,0.6223452666734229
491,Igor Jesus,FWD,NFO,5.8,2.1,i,False,False,False,257,3.979117674642015,0.0,0.18266666666666667,6,0.3333333333333333,0.6860547714900026
492,Awoniyi,FWD,COV,5.4,0.3,s,False,False,False,232,4.888756553129742,0.0,0.16933333333333334,6,0.5,0.9053252876166188
493,Kalimuendo,FWD,NFO,5.4,0.0,a,False,True,False,1,5.962382989881877,0.8725277657435977,0.259,6,0.0,1.1041449981262734
494,Vicario,GK,TOT,4.5,0.1,u,False,False,False,0,2.189056416457918,0.0,0.10133333333333333,6,0.0,0.48645698143509286
495,Austin,GK,TOT,4.0,1.0,a,False,True,False,0,3.8211971025328944,0.6872015505957212,0.164,6,0.0,0.9552992756332236
496,Kinsky,GK,TOT,4.5,15.8,a,False,False,False,450,12.141947760616679,2.269692721672989,0.652,6,0.8333333333333334,2.698210613470373
497,Dubravka,GK,TOT,4.0,17.0,a,False,False,False,0,5.162755750060602,0.9284415248663693,0.222,6,0.0,1.2906889375151505
498,Senesi,DEF,TOT,5.8,3.4,a,False,False,False,90,12.286834518922856,2.311084240883484,0.436,6,0.16666666666666666,2.1184197446418715
499,Pedro Porro,DEF,TOT,5.4,6.4,i,False,False,False,198,5.630183424726774,0.0,0.25,6,0.5,1.0426265601345879
500,Romero,DEF,TOT,5.0,0.1,u,False,False,False,0,2.307334880574233,0.0,0.09000000000000001,6,0.0,0.4614669761148466
501,Danso,DEF,SUN,5.0,0.2,a,False,False,False,270,11.474016273490697,1.6143345110493597,0.533,6,0.5,2.2948032546981394
502,Robertson,DEF,TOT,4.4,2.4,a,False,False,False,366,11.176419238711574,2.1939849383969166,0.533,6,0.6666666666666666,2.5400952815253577
503,Van de Ven,DEF,TOT,5.0,3.7,a,False,False,False,360,16.944466491914014,3.3166096270633503,0.734,6,0.6666666666666666,3.388893298382803
504,Vuskovic,DEF,BHA,5.0,4.2,a,False,False,False,437,22.455094990047577,4.040787591059241,0.835,6,0.8333333333333334,4.491018998009515
505,Spence,DEF,TOT,4.5,0.2,u,False,False,False,0,1.3598855295160968,0.0,0.07133333333333333,6,0.0,0.3021967843369104
506,Udogie,DEF,TOT,4.4,0.3,a,False,False,False,86,3.4710029710058876,0.6925037811105867,0.217,6,0.16666666666666666,0.7888643115922471
507,Phillips,DEF,TOT,4.5,0.0,u,False,True,False,0,2.422695463619855,0.0,0.104,6,0.0,0.5383767696933011
508,Davies,DEF,TOT,3.9,0.9,a,False,True,False,0,0.34035742600181246,0.06656161027573723,0.018,6,0.0,0.08727113487225961
509,Byfield,DEF,TOT,4.0,0.1,a,False,True,False,0,1.7690392983600285,0.34591626047876833,0.08800000000000001,6,0.0,0.4422598245900071
510,Rowswell,DEF,TOT,4.0,0.1,a,False,True,False,0,1.7641233735711832,0.3449550052249542,0.08800000000000001,6,0.0,0.4410308433927958
511,Souza,DEF,TOT,4.0,0.2,u,False,True,False,0,0.7163067310937937,0.0,0.035333333333333335,6,0.0,0.17907668277344843
512,Kudus,MID,TOT,6.5,0.2,a,False,False,False,123,4.834917977861684,0.8896840635995644,0.217,6,0.0,0.7438335350556436
513,Xavi,MID,TOT,5.9,0.0,i,False,False,False,0,1.7429282955351983,0.0,0.07266666666666667,6,0.0,0.29541157551444036
514,Tel,MID,TOT,5.7,0.2,a,False,False,False,257,10.589186773200572,1.9636028559230572,0.464,6,0.5,1.8577520654737845
515,Maddison,MID,TOT,6.3,0.4,a,False,True,True,59,16.210933382301768,3.0586388078185083,0.639,6,0.0,2.5731640289367887
516,Bentancur,MID,TOT,5.5,0.2,a,False,False,False,370,14.13495005556405,2.448063073929998,0.621,6,0.6666666666666666,2.5699909191934633
517,Odobert,MID,TOT,5.5,0.0,i,False,False,False,0,1.017890513562897,0.0,0.04066666666666666,6,0.0,0.1850710024659813
518,P.M.Sarr,MID,TOT,4.9,0.1,u,False,False,False,0,0.9099092013791148,0.0,0.038,6,0.0,0.1856957553834928
519,Gallagher,MID,TOT,5.3,0.2,a,False,False,False,134,6.976283424783518,1.255751372249656,0.338,6,0.3333333333333333,1.3162798914685885
520,Bergvall,MID,TOT,5.3,0.1,a,False,False,False,78,3.6808363281062157,0.675921716057576,0.21,6,0.16666666666666666,0.6944974203973993
521,Kulusevski,MID,TOT,6.5,0.0,i,False,True,False,0,7.256604563547993,0.0,0.288,6,0.0,1.1164007020843068
522,Gray,MID,TOT,4.9,0.2,a,False,False,False,307,8.516303634302988,1.5396390729420575,0.457,6,0.5,1.7380211498577525
523,Moore,MID,TOT,5.0,0.0,u,False,True,False,89,1.4629795942231678,0.0,0.07933333333333333,6,0.16666666666666666,0.29259591884463354
524,Olusesi,MID,TOT,4.4,0.9,a,False,True,False,0,0.4320253632572717,0.07758663399323203,0.024000000000000004,6,0.0,0.09818758255847083
525,Fernandes,MID,TOT,5.7,0.7,a,False,False,False,249,11.453890602540966,2.046779996670333,0.586,6,0.5,2.0094544916738535
526,Solanke,FWD,TOT,5.8,0.8,a,True,False,False,170,7.72699955072213,1.4326500474043073,0.342,6,0.3333333333333333,1.3322413018486432
527,Richarlison,FWD,TOT,5.9,0.6,u,False,False,False,67,3.2576969800693028,0.0,0.12066666666666666,6,0.16666666666666666,0.5521520305202208
528,Scarlett,FWD,TOT,4.5,1.0,u,False,True,False,0,1.1118140915322572,0.0,0.04133333333333333,6,0.0,0.24706979811827937
529,Roefs,GK,SUN,4.9,2.3,a,False,False,False,450,16.80058736940628,2.4548235986169997,0.8409999999999999,6,0.8333333333333334,3.4286912998788326
530,Patterson,GK,SUN,4.0,0.1,u,False,True,False,0,1.53991311068821,0.0,0.06533333333333334,6,0.0,0.3849782776720525
531,Ellborg,GK,SUN,4.4,0.1,a,False,True,False,0,6.771579945636293,0.9990968247507294,0.334,6,0.0,1.5389954421900665
532,Ballard,DEF,SUN,4.9,1.9,i,False,False,False,450,8.134615327615965,0.0,0.31466666666666665,6,0.8333333333333334,1.6601255770644825
533,Mukiele,DEF,SUN,5.4,1.9,a,False,False,False,360,20.600843129627286,2.966310431459463,0.738,6,0.6666666666666666,3.8149709499309785
534,Hume,DEF,SUN,4.3,2.4,a,False,False,False,206,8.61878536321214,1.1700833454221193,0.442,6,0.3333333333333333,2.0043686891191026
535,Alderete,DEF,SUN,4.8,0.2,a,False,False,False,23,6.346881783407143,0.9047712745605552,0.266,6,0.0,1.3222670382098216
536,Reinildo,DEF,SUN,4.4,0.2,a,False,False,False,360,11.124420612552866,1.5229816814131776,0.604,6,0.6666666666666666,2.528277411943833
537,Seelt,DEF,SUN,4.5,0.0,u,False,True,False,0,3.637066468841348,0.0,0.15933333333333333,6,0.0,0.8082369930758551
538,Hjelde,DEF,SUN,4.0,0.0,u,False,True,False,0,0.7095880367311277,0.0,0.035333333333333335,6,0.0,0.17739700918278192
539,O'Nien,DEF,SUN,3.9,2.5,a,False,False,False,66,2.5872416324457985,0.35231390499963666,0.143,6,0.16666666666666666,0.6633952903707175
540,Masuaku,DEF,SUN,4.0,0.1,u,False,True,False,0,0.7036627316374294,0.0,0.035333333333333335,6,0.0,0.17591568290935736
541,Meunier,DEF,SUN,4.5,0.3,a,False,False,False,396,15.229444313257158,2.062134746192359,0.783,6,0.8333333333333334,3.3843209585015908
542,E.Le Fée,MID,SUN,5.7,3.2,a,False,False,False,438,24.530913254146505,3.799094137395622,0.848,6,0.8333333333333334,4.303668991955527
543,Diarra,MID,SUN,5.3,0.0,i,True,False,False,28,1.3754432508422136,0.0,0.064,6,0.0,0.2595175944985309
544,Xhaka,MID,SUN,5.5,3.5,a,False,False,False,450,20.244875512481087,3.233326122820085,0.8370000000000001,6,0.8333333333333334,3.680886456814743
545,Sadiki,MID,SUN,4.9,0.2,a,False,False,False,410,11.771410135640673,1.8498362697051598,0.771,6,0.8333333333333334,2.402328599110341
546,Adingra,MID,SUN,4.9,0.0,u,False,False,False,0,0.5105505725131803,0.0,0.029333333333333333,6,0.0,0.10419399439044494
547,Mundle,MID,SUN,4.8,0.0,i,False,True,False,1,0.6731549431147213,0.0,0.038,6,0.0,0.1402406131489003
548,Rigg,MID,SUN,4.9,0.0,a,False,False,False,17,1.5854037061159707,0.24846581277764596,0.084,6,0.0,0.32355177675836133
549,Talbi,MID,SUN,5.3,0.1,a,False,False,False,31,3.090558921801993,0.4870310945047071,0.151,6,0.0,0.5831243248683006
550,Jocelin.T,MID,SUN,4.9,0.0,a,False,True,False,0,2.5875692155260492,0.4087310598855428,0.138,6,0.0,0.528075350107357
551,N.Angulo,MID,SUN,5.0,0.1,a,False,False,False,313,11.564468674614497,1.8020449397154006,0.622,6,0.8333333333333334,2.3128937349228993
552,Brobbey,FWD,SUN,5.7,5.7,i,False,False,False,399,7.889716155314448,0.0,0.3066666666666667,6,0.8333333333333334,1.3841607290025348
553,Isidor,FWD,SUN,5.5,1.3,a,False,False,False,117,3.124233935155608,0.4966010421165926,0.129,6,0.0,0.568042533664656
554,Van Oevelen,GK,IPS,4.5,0.0,u,False,True,False,0,3.5210214209552344,0.0,0.20333333333333334,6,0.0,0.7824492046567187
555,Matthews,GK,CRY,4.0,1.7,a,False,True,False,0,3.5524471952991368,0.5386380559846214,0.164,6,0.0,0.8881117988247842
556,Targett,DEF,HUL,4.0,1.5,i,False,True,False,5,0.49887325509072833,0.0,0.035333333333333335,6,0.0,0.12471831377268208
557,Tzolis,MID,ARS,6.3,7.6,i,False,False,False,362,5.579768462438254,0.0,0.32066666666666666,6,0.8333333333333334,0.8856775337203578
558,Schlager,MID,NFO,5.0,0.1,a,False,False,False,376,11.930847470030622,1.9315168660171556,0.624,6,0.6666666666666666,2.3861694940061247
559,Bamba,MID,NEW,4.9,0.1,a,False,True,False,27,2.531984869670488,0.44435388552678623,0.138,6,0.0,0.5167316060552016
560,Penders,GK,CHE,4.4,0.1,a,False,True,False,0,4.961519935571588,0.7908475727914377,0.212,6,0.0,1.127618167175361
561,Anselmino,DEF,CHE,4.5,0.0,a,False,True,False,0,4.506134834893573,0.7168423416244742,0.231,6,0.0,1.0013632966430164
562,Maeda,MID,IPS,5.3,0.2,a,False,False,False,259,9.690915882882695,1.4213125963811377,0.502,6,0.5,1.8284746948835275
563,Morita,MID,HUL,4.9,0.0,a,False,True,False,45,2.3443223472874894,0.38405356179475203,0.137,6,0.16666666666666666,0.4784331320994876
564,Scherpen,GK,IPS,4.5,0.5,a,False,False,False,360,12.419510149101097,1.813649861159624,0.648,6,0.6666666666666666,2.7598911442446883
565,M.Sangaré,MID,BRE,5.6,8.7,a,False,False,False,321,20.543042130740996,3.42838790742704,0.674,6,0.6666666666666666,3.668400380489464
566,Silva,DEF,BOU,5.0,0.6,a,False,False,False,450,24.73519737100219,4.61223475582758,0.835,6,0.8333333333333334,4.947039474200438
567,Horníček,GK,NEW,5.0,1.5,a,False,False,False,450,17.44744738299429,3.0825781611931755,0.827,6,0.8333333333333334,3.489489476598858
568,Barco,MID,CHE,5.4,0.1,a,False,True,False,115,7.924108213821299,1.2782420272134674,0.34800000000000003,6,0.16666666666666666,1.4674274470039441
569,Gonzalo,FWD,FUL,6.1,7.4,a,True,False,False,425,22.047640494272706,4.336338841365632,0.832,6,0.8333333333333334,3.614367294143067
570,Palacios,MID,FUL,5.4,0.2,a,False,False,False,226,13.156311485537705,2.5749386495922355,0.52,6,0.5,2.4363539788032784
571,Florentino,MID,IPS,4.8,0.1,a,False,False,False,30,3.2144844330133457,0.5123812228480505,0.159,6,0.0,0.6696842568777804
572,Tzolakis,GK,HUL,4.7,13.3,a,False,False,False,450,19.86129032843201,3.218572762436505,0.818,6,0.8333333333333334,4.225806452857874
573,Sanchez,DEF,BOU,4.4,0.2,a,False,True,False,0,3.6295124903105256,0.7048501567209913,0.18200000000000002,6,0.0,0.8248892023433012
574,Hjertø-Dahl,MID,HUL,4.9,0.1,a,False,True,False,8,2.343868437434481,0.38397920099023924,0.137,6,0.0,0.47834049743560836
575,Yirenkyi,MID,COV,4.8,0.1,a,False,False,False,265,5.606622680134912,0.9215314737421393,0.457,6,0.5,1.1680463916947734
576,Stroud,MID,HUL,5.0,0.1,a,False,False,False,249,7.314781322763133,1.209825517298838,0.621,6,0.6666666666666666,1.4629562645526266
577,Tomiyasu,DEF,CRY,4.4,0.2,i,False,False,False,189,2.561020695054844,0.0,0.128,6,0.3333333333333333,0.58205015796701
578,Mudryk,MID,TOT,5.3,0.0,i,False,True,False,16,1.6885865795993156,0.0,0.09799999999999999,6,0.0,0.3186012414338331
579,Araujo,DEF,LIV,5.4,3.1,a,False,False,False,284,9.665049220356584,1.4842168096360115,0.549,6,0.5,1.7898239296956637
580,Charles,MID,FUL,5.0,0.1,a,False,False,False,303,10.99522036701262,1.9271504427364166,0.476,6,0.5,2.199044073402524
581,Diomande,DEF,NFO,5.4,0.5,a,False,True,True,163,12.634950387793547,2.0289249744981896,0.642,6,0.3333333333333333,2.339805627369175
582,Madjo,FWD,AVL,5.4,0.2,d,False,True,False,0,5.128171861961321,0.7216538094191405,0.22,6,0.0,0.949661455918763
583,Chavarria,DEF,CHE,4.9,0.2,a,False,False,False,208,3.684515413192692,0.5870416743812782,0.19499999999999998,6,0.16666666666666666,0.751941921059733
584,Hamer,MID,COV,5.3,0.1,a,False,True,False,32,6.920441752492427,1.128040541648268,0.411,6,0.0,1.3057437268853636
585,Herrington,DEF,HUL,4.0,0.6,a,False,False,False,197,2.297187573463829,0.38212700195637395,0.16,6,0.16666666666666666,0.5742968933659572
586,Mendy,DEF,HUL,4.1,6.2,a,False,False,False,249,18.19934976436937,3.002766834402342,0.66,6,0.6666666666666666,4.438865796187652
587,Rulli,GK,MCI,5.0,0.0,a,False,True,True,0,12.256838845276746,2.233150356113496,0.51,6,0.0,2.4513677690553495
588,Khalaili,DEF,CRY,5.0,0.3,a,False,False,False,379,21.95762663404659,3.0854716952825325,0.694,6,0.6666666666666666,4.391525326809318
589,Gourna-Douath,MID,HUL,5.0,0.0,a,False,True,False,138,3.3254175848778296,0.543952270661913,0.20099999999999998,6,0.16666666666666666,0.6650835169755659
590,Benda,GK,NFO,4.5,0.1,a,False,True,False,0,6.365697804210724,1.0912852644257296,0.318,6,0.0,1.4145995120468275
591,Enciso,MID,IPS,5.5,0.8,a,False,False,False,413,17.524285321411373,2.481541174615115,0.8370000000000001,6,0.8333333333333334,3.186233694802068
592,Ouattara,DEF,IPS,4.0,0.8,a,False,True,False,131,3.69525785980054,0.3996744658718766,0.255,6,0.16666666666666666,0.923814464950135
593,Dedić,DEF,NEW,4.5,1.5,d,False,False,False,327,9.330169650906699,1.2116413137748108,0.44,6,0.6666666666666666,2.073371033534822
594,David,FWD,BHA,5.9,0.2,a,False,True,True,23,15.693591840688018,2.7088040584609208,0.621,6,0.0,2.659930820455596
595,Gozo,MID,CRY,4.9,0.0,a,False,True,False,28,2.5884281930964703,0.3994930653745464,0.137,6,0.0,0.5282506516523409
596,Ruggeri,DEF,AVL,4.5,0.1,a,False,True,True,113,9.400149625913963,1.3842700988385586,0.506,6,0.16666666666666666,2.088922139091992
597,Suzuki,GK,AVL,5.0,1.9,a,False,False,False,360,18.2432470701793,2.8601768366282894,0.6789999999999999,6,0.6666666666666666,3.64864941403586
598,Elvedi,DEF,LEE,4.5,0.1,a,False,False,False,401,12.624157447562379,1.9568784727559947,0.628,6,0.6666666666666666,2.8053683216805285
599,Cherif,FWD,COV,5.0,0.1,a,False,True,False,30,2.541668673077625,0.4149236303422698,0.164,6,0.0,0.508333734615525
600,Osman,MID,BHA,5.0,0.0,a,False,True,False,40,3.7148964403934697,0.6395875977493664,0.19800000000000004,6,0.0,0.742979288078694
601,Williams-Barnett,MID,TOT,4.5,0.1,a,False,True,False,0,1.1167946557324713,0.20056308163628256,0.063,6,0.0,0.24817659016277138
602,Humphreys,MID,IPS,4.5,0.0,u,False,True,False,0,0.41473041541749184,0.0,0.025333333333333333,6,0.0,0.0921623145372204
603,Lienou,DEF,LEE,4.0,0.1,a,False,True,False,0,1.5619052266407558,0.2401254437599046,0.08900000000000001,6,0.0,0.39047630666018895
604,Cresswell,MID,LEE,4.5,0.1,a,False,True,False,0,1.0938029599834518,0.17898976106691233,0.063,6,0.0,0.24306732444076706
605,Yalcouyé,MID,BHA,4.5,3.9,a,False,False,False,236,16.385298563775958,2.871825739938143,0.453,6,0.5,3.6411774586168795
606,Rowe,DEF,AVL,4.0,0.2,a,False,True,False,0,1.57349144125459,0.23104569535876698,0.08800000000000001,6,0.0,0.3933728603136475
607,Lynch,MID,AVL,4.5,0.1,u,False,True,False,0,0.44122388848670313,0.0,0.025333333333333333,6,0.0,0.09804975299704514
608,Jebbison,FWD,BOU,5.0,0.1,a,False,True,False,31,3.3185798727602407,0.5596447833980901,0.19200000000000003,6,0.0,0.6637159745520481
609,Shahar,DEF,NEW,4.0,0.2,u,False,True,False,0,0.6753936747036413,0.0,0.03666666666666667,6,0.0,0.16884841867591033
610,De Fougerolles,DEF,FUL,4.0,0.1,u,False,True,False,0,0.5981904753219782,0.0,0.03666666666666667,6,0.0,0.14954761883049456
611,Wan-Bissaka,DEF,AVL,4.5,0.2,a,False,False,False,152,7.0932401518004395,1.0419177011281577,0.412,6,0.3333333333333333,1.5762755892889866
612,Methalie,DEF,SUN,4.5,0.0,a,False,True,False,90,5.593430010718243,0.7818798674552921,0.26,6,0.16666666666666666,1.2429844468262763
613,Ahoka,MID,SUN,4.5,0.2,a,False,True,False,0,1.0595839871425898,0.16830157881172092,0.063,6,0.0,0.23546310825390884
614,Hadjam,DEF,BHA,4.5,0.0,a,False,True,False,0,4.426918877396913,0.813394360373543,0.232,6,0.0,0.9837597505326473
615,Di Gregorio,GK,BOU,4.5,0.0,a,False,True,False,0,8.047663364818929,1.5009312549265466,0.4000000000000001,6,0.0,1.7883696366264286
616,Bouaddi,MID,MCI,5.5,0.2,a,False,True,False,22,7.109227069092915,1.4069349088133039,0.299,6,0.0,1.2925867398350754
617,Cho,MID,HUL,5.0,0.0,a,False,True,False,72,3.2884850259424017,0.5379110596616353,0.19899999999999998,6,0.0,0.6576970051884803
618,Goretzka,MID,AVL,5.9,0.0,i,False,True,False,0,6.021989608572635,0.0,0.24533333333333332,6,0.0,1.0206762048428195
619,Palacios,MID,IPS,5.0,0.1,a,False,False,False,275,10.47842934205024,1.6895397150276443,0.47300000000000003,6,0.5,2.0956858684100483
620,Diouf,DEF,BRE,4.5,0.1,a,False,False,False,39,3.8915768489056295,0.6343065821136995,0.212,6,0.0,0.8647948553123621
621,McAidoo,MID,MCI,4.4,0.1,a,False,True,False,11,0.4301815730764728,0.07940264223824173,0.024000000000000004,6,0.0,0.097768539335562
622,Braithwaite,DEF,MCI,4.0,0.2,a,False,True,False,1,1.8399809279072326,0.36925012671117075,0.08800000000000001,6,0.0,0.45999523197680814
623,Bentley,GK,COV,4.0,0.9,a,False,True,False,0,2.312244633476425,0.36954613628160815,0.124,6,0.0,0.5780611583691062
624,Cozier-Duberry,MID,BHA,5.0,0.0,u,False,True,False,0,1.4919699355903375,0.0,0.07933333333333333,6,0.0,0.2983939871180675
625,Cairns,GK,LEE,4.0,0.2,a,False,True,False,0,3.711179109827682,0.6230337037624101,0.164,6,0.0,0.9277947774569205
626,Zepa,MID,FUL,4.4,0.3,a,False,True,False,0,0.42066642037699264,0.07651247567561772,0.024000000000000004,6,0.0,0.09560600463113468
627,Barcola,MID,LIV,8.0,2.0,a,False,True,True,168,19.16843740897982,3.171462335538128,0.789,6,0.3333333333333333,2.3960546761224775
628,Allan,MID,MCI,6.0,0.0,a,False,True,False,0,9.602789913550362,1.952437062176357,0.35200000000000004,6,0.0,1.600464985591727
629,Zetterer,GK,LEE,4.0,0.7,a,False,True,False,0,2.8037607635590938,0.4706961257456571,0.124,6,0.0,0.7009401908897734
630,Harwood-Bellis,DEF,AVL,4.5,0.0,a,False,True,False,0,5.7231698559045086,0.8427964678628728,0.308,6,0.0,1.2718155235343351
631,Mbaye,MID,AVL,6.0,0.1,a,False,True,True,33,17.74964796582767,2.806503315749234,0.742,6,0.0,2.9582746609712784
632,Ansah,FWD,HUL,5.0,0.0,i,False,True,False,0,2.2076213343597155,0.0,0.144,6,0.0,0.4415242668719431
633,Ahanor,DEF,CRY,4.5,0.0,a,False,True,False,90,4.710106243395158,0.6621451866575336,0.241,6,0.16666666666666666,1.0466902763100352
634,Fernandez-Pardo,FWD,NEW,6.0,0.1,a,False,True,True,157,14.85754792233454,2.699989138343497,0.545,6,0.3333333333333333,2.4762579870557566
635,Larsson,MID,FUL,5.0,0.0,a,False,True,False,37,3.7169668852001316,0.6864840113951682,0.208,6,0.0,0.7433933770400263
636,Ángel,MID,FUL,5.0,0.0,a,False,True,False,0,3.59826822917094,0.6645616397263263,0.20099999999999998,6,0.0,0.719653645834188
637,Vaz,FWD,HUL,5.0,0.1,a,False,True,False,20,3.9409447710591063,0.6433376738847865,0.257,6,0.0,0.7881889542118212
638,Norton-Cuffy,DEF,HUL,4.0,0.2,a,False,True,False,34,1.2449551359001303,0.20599945505231299,0.08800000000000001,6,0.0,0.3112387839750326
639,Andrés,MID,BHA,5.5,0.1,a,False,True,False,109,10.195069022418918,1.7651444532124465,0.466,6,0.16666666666666666,1.8536489131670761
640,Flemming,FWD,IPS,5.5,0.1,a,False,False,False,60,4.063308827639422,0.6052856632864135,0.18699999999999997,6,0.0,0.7387834232071676
641,Bard,DEF,LEE,4.5,0.0,a,False,True,False,18,4.425620120929592,0.682283965843151,0.241,6,0.0,0.9834711379843538
642,Thomas,MID,HUL,5.5,0.0,a,False,True,True,119,13.467076108043113,2.18812517506305,0.6919999999999998,6,0.16666666666666666,2.448559292371475
643,Chilwell,DEF,CRY,4.5,0.4,a,False,True,False,29,4.5807063947333795,0.6439541984891122,0.235,6,0.0,1.0179347543851955
644,Timber,MID,CRY,5.0,0.0,a,False,False,False,253,9.132830655984158,1.4296081190228618,0.472,6,0.5,1.8265661311968315
645,Mouzakitis,MID,HUL,5.0,0.0,a,False,True,False,0,3.276235951090328,0.5359074279644938,0.19800000000000004,6,0.0,0.6552471902180657
646,Fofana,MID,SUN,5.5,0.0,a,False,True,True,60,13.108491157675697,2.062589181449995,0.646,6,0.0,2.3833620286683086
647,Osorio,MID,CRY,5.5,0.0,a,False,True,True,1,14.257232280002778,2.1502121027623162,0.646,6,0.0,2.592224050909596
648,Bahoya,MID,LEE,5.0,0.0,a,False,True,False,1,3.6344919257753587,0.5942384184899618,0.20099999999999998,6,0.0,0.7268983851550718
649,Maitland-Niles,DEF,EVE,4.5,1.5,a,False,True,False,177,4.453557051406881,0.7506135344397595,0.26,6,0.3333333333333333,0.9896793447570847
650,Affengruber,DEF,FUL,4.5,0.6,a,False,False,False,180,7.97784809193524,1.548118475964311,0.339,6,0.3333333333333333,1.7728551315411645
651,J.Angulo,FWD,SUN,4.5,0.8,a,False,True,False,0,3.9709956405004014,0.6310730610936155,0.168,6,0.0,0.8824434756667558
652,Azeez,MID,BHA,5.5,0.0,i,False,True,False,0,3.305102357694569,0.0,0.15,6,0.0,0.6009277013990125
653,Samba,MID,MCI,4.5,0.0,a,False,True,False,0,1.1678267839269023,0.21873471272333977,0.063,6,0.0,0.25951706309486716
654,Graham,MID,EVE,4.5,0.1,a,False,True,False,0,1.073943706234376,0.1819934343771719,0.063,6,0.0,0.23865415694097245
655,Gboho,MID,COV,5.5,0.0,a,False,True,True,0,13.7034918447703,2.2201347065355757,0.6919999999999998,6,0.0,2.491543971776418
656,Mfuni,DEF,COV,4.0,0.1,a,False,True,False,90,1.3501222096112662,0.21689340155840936,0.08900000000000001,6,0.16666666666666666,0.33753055240281654
657,Nunes,MID,BRE,4.5,0.0,a,False,True,False,0,1.091993737060179,0.18157308924542143,0.063,6,0.0,0.24266527490226203
658,Ibrahim,MID,BHA,4.5,0.0,a,False,True,False,0,1.1025222521616254,0.18943180864391293,0.063,6,0.0,0.24500494492480562
659,Miley,MID,NEW,4.5,0.0,a,False,True,False,0,1.0828975774765999,0.18885789000788736,0.063,6,0.0,0.24064390610591108
660,Fredrick,DEF,BRE,4.0,0.0,a,False,True,False,0,1.5897577665476526,0.25879352627470187,0.08900000000000001,6,0.0,0.39743944163691314
661,Balcombe,GK,BRE,4.0,0.1,a,False,True,False,0,3.4742581937365546,0.5871275106080649,0.164,6,0.0,0.8685645484341387
662,Nicoll-Jazuli,MID,CHE,4.5,0.0,a,False,True,False,3,1.132107955705942,0.1845399472291709,0.063,6,0.0,0.2515795457124315
663,Pivas,DEF,NEW,4.0,0.0,a,False,True,False,0,1.6647487413350437,0.30646005522803854,0.08900000000000001,6,0.0,0.4161871853337609
664,Salia,FWD,NEW,4.5,0.2,a,False,True,False,0,1.6727399991364684,0.3028905441911912,0.066,6,0.0,0.3717199998081041
665,Mills,MID,NEW,4.5,0.0,a,False,True,False,0,1.081513730415512,0.1886165463743928,0.063,6,0.0,0.24033638453678044
666,Thompson,MID,NEW,4.5,0.0,a,False,True,False,0,1.0810580557399458,0.18853707647848814,0.063,6,0.0,0.24023512349776574
667,Wright,GK,AVL,4.0,0.2,a,False,True,False,0,3.496243616780478,0.5366228532554542,0.164,6,0.0,0.8740609041951195
