id,name,pos,team_name,price,selected_by,status,pen1,prior,benched,minutes_season,xp_h,xp_next,p_start,games,starts_actual,value,start,captain
8,Calafiori,DEF,ARS,5.8,50.5,a,False,False,False,416,26.4103796230674,4.587041422798145,0.8729999999999999,6,1.0,4.553513728115069,True,False
12,Saka,MID,ARS,9.5,14.0,a,True,False,False,416,37.81795411242197,6.584466090323522,0.9129999999999999,6,1.0,3.9808372749917864,True,True
68,Tavernier,MID,BOU,6.1,6.8,a,False,False,False,424,30.83669528656391,4.754280516164019,0.9380000000000001,6,1.0,5.055195948617035,True,False
250,Leno,GK,FUL,4.5,3.4,a,False,False,False,450,21.26478959980236,3.5931492154207256,0.953,6,1.0,4.72550879995608,False,False
305,Davis,DEF,IPS,4.0,7.0,a,False,False,False,450,22.720924355575463,4.176107748307705,0.941,6,1.0,5.680231088893866,True,False
316,Emersonn,FWD,IPS,5.5,3.6,a,False,False,False,317,30.024031315340224,5.073261217255419,0.961,6,1.0,5.458914784607313,True,False
346,Calvert-Lewin,FWD,LEE,6.0,24.8,a,True,False,False,419,25.766728388335718,3.4518351463486754,0.923,6,1.0,4.294454731389286,False,False
388,Guéhi,DEF,MCI,6.0,18.2,a,False,False,False,450,28.572699957451487,4.071762808378464,0.9700000000000001,6,1.0,4.7621166595752475,True,False
411,Haaland,FWD,MCI,15.6,73.9,a,True,False,False,450,42.43763255882113,6.444361278907576,0.959,6,1.0,2.720361061462893,True,False
427,Mbeumo,MID,MUN,7.9,20.5,a,False,False,False,450,32.43912360567821,5.807483974300959,0.9499999999999998,6,1.0,4.10621817793395,True,False
480,Gibbs-White,MID,NFO,8.0,15.7,a,True,False,False,450,29.939019989216337,4.954560889908871,0.9700000000000001,6,1.0,3.742377498652042,True,False
542,E.Le Fée,MID,SUN,5.7,3.4,a,False,False,False,438,27.28993193807976,4.48306322019438,0.953,6,1.0,4.787707357557853,True,False
566,Silva,DEF,BOU,5.0,0.4,a,False,False,False,450,28.222718207995594,3.9176125417053624,0.9700000000000001,6,1.0,5.644543641599119,False,False
572,Tzolakis,GK,HUL,4.7,12.8,a,False,False,False,450,23.815602853627844,4.174201503691809,0.961,6,1.0,5.067149543325073,True,False
588,Khalaili,DEF,CRY,5.0,0.3,d,False,False,False,379,21.427571408920567,3.4274032775203804,0.6923333333333334,6,0.8,4.285514281784114,False,False
